"Country","ONS_CENSUS_2011","ONS_2014","Local.Authority","LA.type","LA_POPULATION","LA_AREA_HEC","COUNTY_NAME","LA_POPULATION_OVER_COUNTY_POPULATION","LA_16_17","LA_16_24","LA_18_24","C_16_17","C_16_24","C_18_24","Year.type","ASS_LA_16_17","ASS_LA_16_24","ASS_LA_18_24","NA","ASS_C_16_17","ASS_C_16_24","ASS_C_18_24","COUNTY_POPULATION"
"Scotland","S12000033","S12000033","Aberdeen City","LA",222793,18571,NA,NA,NA,NA,NA,NA,NA,NA,NA,NA,NA,NA,NA,NA,NA,NA,NA
"Scotland","S12000034","S12000034","Aberdeenshire","LA",252973,631261,NA,NA,NA,NA,NA,NA,NA,NA,NA,NA,NA,NA,NA,NA,NA,NA,NA
NA,"E07000223","E07000223","Adur","District",61182,4180.71,"West Sussex",0.0758242738805193,NA,NA,NA,NA,NA,NA,NA,NA,NA,NA,NA,NA,NA,NA,NA
"England","E07000026","E07000026","Allerdale","District",96422,124158.29,"Cumbria",0.192898783254444,NA,"25",NA,NA,NA,NA,NA,NA,"25",NA,NA,"114",NA,NA,499858
"England","E07000032","E07000032","Amber Valley","District",122309,26538.48,"Derbyshire",0.158907658447731,"5",NA,"139",NA,NA,NA,NA,"1",NA,"62",NA,NA,NA,NA,769686
"Scotland","S12000041","S12000041","Angus","LA",115978,218179,NA,NA,NA,NA,NA,NA,NA,NA,NA,NA,NA,NA,NA,NA,NA,NA,NA
"Scotland","S12000035","S12000035","Argyll and Bute","LA",88166,690947,NA,NA,NA,NA,NA,NA,NA,NA,NA,NA,NA,NA,NA,NA,NA,NA,NA
"England","E07000224","E07000224","Arun","District",149518,22070.82,"West Sussex",0.185301130758515,NA,NA,NA,NA,NA,NA,NA,NA,NA,NA,NA,NA,NA,NA,806892
"England","E07000170","E07000170","Ashfield","District",119497,10955.69,"Nottinghamshire",0.152070114354507,NA,NA,NA,NA,NA,NA,NA,NA,NA,NA,NA,NA,NA,NA,785802
NA,"E07000105","E07000105","Ashford","District",117956,58061.67,"Kent",0.0805853498572151,NA,NA,NA,NA,"86",NA,NA,NA,NA,NA,NA,NA,NA,NA,NA
NA,"E07000004","E07000004","Aylesbury Vale","District",174137,90275.35,"Buckinghamshire",0.344632611823473,NA,NA,NA,NA,NA,NA,NA,NA,NA,NA,NA,NA,NA,NA,NA
"England","E07000200","E07000200","Babergh","District",87740,59377.66,"Suffolk",0.120494999059277,NA,NA,NA,NA,NA,NA,NA,NA,"46",NA,NA,NA,NA,NA,728163
"England","E09000002","E09000002","Barking and Dagenham","Unitary",185911,3609.04,NA,NA,NA,NA,NA,NA,NA,NA,NA,NA,NA,NA,NA,NA,NA,NA,NA
"England","E09000003","E09000003","Barnet","Unitary",356386,8673.72,NA,NA,"115",NA,NA,NA,NA,NA,NA,NA,NA,NA,NA,NA,NA,NA,NA
"England","E08000016","E08000016","Barnsley","Unitary",231221,32905.31,NA,NA,"9",NA,"100",NA,NA,NA,NA,NA,NA,NA,NA,NA,NA,NA,NA
"England","E07000027","E07000027","Barrow-in-Furness","District",69087,7796.05,"Cumbria",0.138213252563728,"0",NA,"38",NA,NA,NA,NA,"0",NA,"31",NA,"114",NA,NA,499858
"England","E07000066","E07000066","Basildon","District",174497,11002.46,"Essex",0.125214285150479,NA,NA,NA,NA,NA,NA,NA,NA,NA,NA,NA,NA,NA,NA,1393587
"England","E07000084","E07000084","Basingstoke and Deane","District",167799,63380.74,"Hampshire",0.127333835184415,NA,NA,NA,"128",NA,"2",NA,NA,NA,NA,NA,"35",NA,"0",1317788
NA,"E07000171","E07000171","Bassetlaw","District",112863,63787.08,"Nottinghamshire",0.143627784098284,NA,NA,NA,NA,NA,NA,NA,NA,NA,NA,NA,NA,NA,NA,NA
NA,"E06000022","E06000022","Bath and North East Somerset","Unitary ",176016,34574.08,"Somerset",0.332123206509023,NA,NA,NA,"79",NA,"2",NA,NA,NA,NA,NA,NA,NA,NA,NA
NA,"E06000055","E06000055","Bedford","Unitary ",157479,47641.2,"Bedfordshire",NA,NA,NA,NA,NA,NA,NA,NA,NA,NA,NA,NA,NA,NA,NA,NA
"England","E09000004","E09000004","Bexley","Unitary",231997,6055.95,NA,NA,NA,NA,NA,NA,NA,NA,NA,NA,NA,NA,NA,NA,NA,NA,NA
"England","E08000025","E08000025","Birmingham","Unitary",1073045,26778.82,NA,NA,"93",NA,"1102",NA,NA,NA,NA,NA,NA,NA,NA,NA,NA,NA,NA
"England","E07000129","E07000129","Blaby","District",93915,13046.66,"Leicestershire",0.144376000209073,"8",NA,"78","37",NA,"0",NA,"2",NA,NA,NA,NA,NA,NA,650489
"England","E06000008","E06000008","Blackburn with Darwen","Unitary",147489,13701.18,NA,NA,"65",NA,"363",NA,NA,NA,NA,NA,NA,NA,NA,NA,NA,NA,NA
NA,"E06000009","E06000009","Blackpool","Unitary ",142065,3488.1,"Lancashire",0.121284273809717,NA,NA,NA,NA,NA,NA,NA,NA,NA,NA,NA,NA,NA,NA,NA
"Wales","W06000019","W06000019","Blaenau Gwent","LA",69814,10876.16,NA,NA,"12",NA,"158",NA,NA,NA,NA,NA,NA,NA,NA,NA,NA,NA,NA
NA,"E07000033","E07000033","Bolsover","District",75866,16033.04,"Derbyshire",0.0985674677725722,NA,NA,NA,NA,NA,NA,NA,NA,NA,NA,NA,NA,NA,NA,NA
"England","E08000001","E08000001","Bolton","Unitary",276786,13980.34,NA,NA,NA,NA,NA,NA,NA,NA,NA,NA,NA,NA,NA,NA,NA,NA,NA
"England","E07000136","E07000136","Boston","District",64637,36153.77,"Lincolnshire",0.0905720287030251,"26",NA,"23",NA,NA,NA,NA,"3",NA,"23",NA,NA,NA,NA,713653
NA,"E06000028","E06000028","Bournemouth","Unitary ",183491,4617.88,"Dorset",0.444390356135188,NA,NA,NA,NA,NA,NA,NA,NA,NA,NA,NA,NA,NA,NA,NA
"England","E06000036","E06000036","Bracknell Forest","Unitary",113205,10938.54,NA,NA,NA,"29",NA,NA,NA,NA,NA,NA,NA,NA,NA,NA,NA,NA,NA
"England","E08000032","E08000032","Bradford","Unitary",522452,36641.72,NA,NA,"214",NA,"1630",NA,NA,NA,NA,NA,NA,NA,NA,NA,NA,NA,NA
"England","E07000067","E07000067","Braintree","District",147084,61170.84,"Essex",0.105543464455395,"25",NA,"95",NA,NA,NA,NA,"13",NA,"65",NA,NA,NA,NA,1393587
"England","E07000143","E07000143","Breckland","District",130491,130511.64,"Norfolk",0.152107268081614,NA,"25",NA,NA,NA,NA,NA,NA,"396",NA,NA,NA,NA,NA,857888
"England","E09000005","E09000005","Brent","Unitary",311215,4323.52,NA,NA,NA,NA,NA,NA,NA,NA,NA,NA,NA,NA,NA,NA,NA,NA,NA
NA,"E07000068","E07000068","Brentwood","District",73601,15311.75,"Essex",0.0528140690175784,NA,NA,NA,NA,NA,NA,NA,NA,NA,NA,NA,NA,NA,NA,NA
"Wales","W06000013","W06000013","Bridgend","LA",139178,25074.74,NA,NA,NA,NA,NA,NA,NA,NA,NA,NA,NA,NA,NA,NA,NA,NA,NA
NA,"E06000043","E06000043","Brighton and Hove","Unitary ",273369,8266.71,"East Sussex",0.519050792620061,NA,NA,NA,"190",NA,NA,NA,NA,NA,NA,NA,NA,NA,NA,NA
"England","E06000023","E06000023","Bristol, City of","Unitary",428234,10960.76,NA,NA,NA,NA,NA,NA,NA,NA,NA,NA,NA,NA,NA,NA,NA,NA,NA
"England","E07000144","E07000144","Broadland","District",124646,55239.88,"Norfolk",0.145294024394793,"5",NA,"31",NA,NA,NA,NA,"5",NA,"31",NA,NA,NA,NA,857888
NA,"E09000006","E09000006","Bromley","Unitary ",309392,15015.45,"Greater London",NA,NA,NA,NA,NA,NA,NA,NA,NA,NA,NA,NA,NA,NA,NA,NA
"England","E07000234","E07000234","Bromsgrove","District",93637,21696.91,"Worcestershire",0.165387013418255,NA,NA,NA,"74",NA,NA,NA,"1",NA,NA,NA,"73",NA,NA,566169
NA,"E07000095","E07000095","Broxbourne","District",93609,5143.56,"Hertfordshire",0.0838743725706995,NA,NA,NA,NA,NA,NA,NA,NA,NA,NA,NA,NA,NA,NA,NA
"England","E07000172","E07000172","Broxtowe","District",109487,8009.84,"Nottinghamshire",0.139331536443023,"0",NA,"62",NA,NA,NA,NA,"0",NA,"10",NA,NA,NA,NA,785802
NA,"E07000117","E07000117","Burnley","District",87059,11070.03,"Lancashire",0.0743243416295368,NA,NA,NA,NA,NA,NA,NA,NA,NA,NA,NA,NA,NA,NA,NA
"England","E08000002","E08000002","Bury","Unitary",185060,9948.44,NA,NA,"4",NA,"125",NA,NA,NA,NA,NA,NA,NA,NA,NA,NA,NA,NA
"Wales","W06000018","W06000018","Caerphilly","LA",178806,27745.02,NA,NA,NA,NA,NA,NA,NA,NA,NA,NA,NA,NA,NA,NA,NA,NA,NA
"England","E08000033","E08000033","Calderdale","Unitary",203826,36392.21,NA,NA,"30",NA,"32",NA,NA,NA,NA,NA,NA,NA,NA,NA,NA,NA,NA
"England","E07000008","E07000008","Cambridge","District",123867,4069.94,"Cambridgeshire",0.199396339402135,"16",NA,"108",NA,NA,NA,NA,"5",NA,"68",NA,NA,NA,NA,621210
"England","E09000007","E09000007","Camden","Unitary",220338,2179.6,NA,NA,NA,NA,NA,NA,NA,NA,NA,NA,NA,NA,NA,NA,NA,NA,NA
"England","E07000192","E07000192","Cannock Chase","District",97462,7888.09,"Staffordshire",0.134501213052947,NA,"95",NA,NA,NA,NA,NA,"1",NA,"42",NA,NA,NA,NA,724618
NA,"E07000106","E07000106","Canterbury","District",151145,30885.19,"Kent",0.103259458647027,NA,NA,NA,NA,"86",NA,NA,NA,NA,NA,NA,NA,NA,NA,NA
"Wales","W06000015","W06000015","Cardiff","LA",346090,14038.2,NA,NA,"403",NA,"1614",NA,NA,NA,NA,NA,NA,NA,NA,NA,NA,NA,NA
"England","E07000028","E07000028","Carlisle","District",107524,103929.92,"Cumbria",0.215109090981839,"2",NA,"41",NA,NA,NA,NA,"2",NA,"41",NA,"114",NA,NA,499858
"Wales","W06000010","W06000010","Carmarthenshire","LA",183777,237035.46,NA,NA,"58",NA,"285",NA,NA,NA,NA,NA,NA,NA,NA,NA,NA,NA,NA
"England","E07000069","E07000069","Castle Point","District",88011,4506.86,"Essex",0.063154291766499,"6",NA,"46",NA,NA,NA,NA,"1",NA,"13",NA,NA,NA,NA,1393587
"England","E06000056","E06000056","Central Bedfordshire","Unitary",254381,71566.45,NA,NA,"62",NA,"451",NA,NA,NA,NA,NA,NA,NA,NA,NA,NA,NA,NA
"Wales","W06000008","W06000008","Ceredigion","LA",75922,178545.43,NA,NA,NA,NA,NA,NA,NA,NA,NA,NA,NA,NA,NA,NA,NA,NA,NA
"England","E07000130","E07000130","Charnwood","District",166100,27905.68,"Leicestershire",0.255346362505746,NA,NA,NA,"37",NA,"0",NA,NA,NA,NA,NA,NA,NA,NA,650489
NA,"E07000070","E07000070","Chelmsford","District",168310,33877.56,"Essex",0.120774662794644,NA,NA,NA,NA,NA,NA,NA,NA,NA,NA,NA,NA,NA,NA,NA
"England","E07000078","E07000078","Cheltenham","District",115732,4661.37,"Gloucestershire",0.193861142007156,NA,NA,NA,"145",NA,NA,NA,NA,NA,NA,NA,"140",NA,NA,596984
NA,"E07000177","E07000177","Cherwell","District",141868,58876.86,"Oxfordshire",0.266263771325613,NA,NA,NA,"51",NA,NA,NA,NA,NA,NA,NA,NA,NA,NA,NA
"England","E06000049","E06000049","Cheshire East","Unitary",370127,116637.63,NA,NA,"52",NA,"731",NA,NA,NA,NA,NA,NA,NA,NA,NA,NA,NA,NA
"England","E06000050","E06000050","Cheshire West and Chester","Unitary",329608,91665.6,NA,NA,"36",NA,"67",NA,NA,NA,NA,NA,NA,NA,NA,NA,NA,NA,NA
NA,"E07000034","E07000034","Chesterfield","District",103788,6603.52,"Derbyshire",0.134844598966332,NA,NA,NA,NA,NA,NA,NA,NA,NA,NA,NA,NA,NA,NA,NA
"England","E07000225","E07000225","Chichester","District",113794,78623.08,"West Sussex",0.141027547676765,"0",NA,"3",NA,NA,NA,NA,"0",NA,"22",NA,NA,NA,NA,806892
"England","E07000005","E07000005","Chiltern","District",92635,19634.81,"Buckinghamshire",0.183332904530728,"0",NA,NA,NA,NA,NA,NA,"0",NA,NA,NA,NA,NA,NA,505283
"England","E07000118","E07000118","Chorley","District",107155,20279.69,"Lancashire",0.0914807754202669,"11",NA,"14",NA,NA,NA,NA,"11",NA,"14",NA,NA,NA,NA,1171339
NA,"E07000048","E07000048","Christchurch","District",47752,5038.96,"Dorset",0.115648878071227,NA,NA,NA,NA,NA,NA,NA,NA,NA,NA,NA,NA,NA,NA,NA
"Scotland","S12000036","S12000036","City of Edinburgh","LA",476626,26333,NA,NA,NA,NA,NA,NA,NA,NA,NA,NA,NA,NA,NA,NA,NA,NA,NA
"England","E09000001","E09000001","City of London","Unitary",7375,289.78,NA,NA,"0",NA,"8",NA,NA,NA,NA,NA,NA,NA,NA,NA,NA,NA,NA
"Scotland","S12000005","S12000005","Clackmannanshire","LA",51442,15864,NA,NA,NA,NA,NA,NA,NA,NA,NA,NA,NA,NA,NA,NA,NA,NA,NA
"England","E07000071","E07000071","Colchester","District",173074,32908.17,"Essex",0.124193179184364,NA,"248",NA,NA,NA,NA,"financial",NA,"110",NA,NA,NA,NA,NA,1393587
"Wales","W06000003","W06000003","Conwy","LA",115228,112582.88,NA,NA,NA,NA,NA,NA,NA,NA,NA,NA,NA,NA,NA,NA,NA,NA,NA
NA,"E07000029","E07000029","Copeland","District",70603,73173.94,"Cumbria",0.141246113896347,NA,NA,NA,NA,NA,NA,NA,NA,NA,NA,NA,NA,NA,NA,NA
"England","E07000150","E07000150","Corby","District",61255,8028.28,"Northamptonshire",0.088524926584503,NA,NA,"191","35",NA,NA,NA,"5",NA,"16",NA,"35",NA,NA,691952
NA,"E06000052","E06000052","Cornwall","Unitary ",532273,354618.74,"Cornwall",NA,NA,NA,NA,NA,NA,NA,NA,NA,NA,NA,NA,NA,NA,NA,NA
"England","E07000079","E07000079","Cotswold","District",82881,116451.96,"Gloucestershire",0.138832866542487,"0",NA,"38","145",NA,NA,NA,"0",NA,"38",NA,"140",NA,NA,596984
NA,"E06000047","E06000047","County Durham","Unitary ",513242,222606.26,"County Durham",NA,NA,NA,NA,NA,NA,NA,NA,NA,NA,NA,NA,NA,NA,NA,NA
NA,"E08000026","E08000026","Coventry","Unitary ",316960,9864.42,"West Midlands",NA,NA,NA,NA,NA,NA,NA,NA,NA,NA,NA,NA,NA,NA,NA,NA
"England","E07000163","E07000163","Craven","District",55409,117738.81,"North Yorkshire",0.092598967873043,"15",NA,"58",NA,"1660",NA,NA,"1",NA,"15",NA,NA,"1660",NA,598376
"England","E07000226","E07000226","Crawley","District",106597,4497.07,"West Sussex",0.132108138387789,NA,NA,NA,NA,NA,NA,NA,NA,NA,NA,NA,NA,NA,NA,806892
"England","E09000008","E09000008","Croydon","Unitary",363378,8651.89,NA,NA,"46",NA,"407",NA,NA,NA,NA,NA,NA,NA,NA,NA,NA,NA,NA
"England","E07000096","E07000096","Dacorum","District",144847,21247.56,"Hertfordshire",0.129784008415303,"0",NA,NA,NA,NA,NA,NA,NA,NA,"63",NA,NA,NA,NA,1116062
NA,"E06000005","E06000005","Darlington","Unitary ",105564,19747.51,"Durham",NA,NA,NA,NA,NA,NA,NA,NA,NA,NA,NA,NA,NA,NA,NA,NA
"England","E07000107","E07000107","Dartford","District",97365,7276.85,"Kent",0.0665179608400399,NA,NA,NA,NA,"86",NA,NA,NA,NA,NA,NA,NA,"59",NA,1463740
"England","E07000151","E07000151","Daventry","District",77843,66259.01,"Northamptonshire",0.112497687700881,NA,NA,NA,"35",NA,NA,NA,NA,NA,NA,NA,"35",NA,NA,691952
"Wales","W06000004","W06000004","Denbighshire","LA",93734,83674.27,NA,NA,NA,NA,NA,NA,NA,NA,NA,NA,NA,NA,NA,NA,NA,NA,NA
NA,"E06000015","E06000015","Derby","Unitary ",248752,7803.11,"Derbyshire",0.323186338324979,NA,NA,NA,NA,NA,NA,NA,NA,NA,NA,NA,NA,NA,NA,NA
"England","E07000035","E07000035","Derbyshire Dales","District",71116,79245.21,"Derbyshire",0.0923961199761981,"0",NA,"44",NA,NA,NA,NA,"0",NA,"40",NA,NA,NA,NA,769686
NA,"E08000017","E08000017","Doncaster","Unitary ",302402,56799.22,"South Yorkshire",NA,NA,NA,NA,NA,NA,NA,NA,NA,NA,NA,NA,NA,NA,NA,NA
"England","E07000108","E07000108","Dover","District",111674,31485.09,"Kent",0.076293604055365,"37",NA,"210",NA,"86",NA,NA,"13",NA,"65",NA,NA,"59",NA,1463740
NA,"E08000027","E08000027","Dudley","Unitary ",312925,9795.66,"West Midlands",NA,NA,NA,NA,NA,NA,NA,NA,NA,NA,NA,NA,NA,NA,NA,NA
"Scotland","S12000006","S12000006","Dumfries and Galloway","LA",151324,642620,NA,NA,NA,NA,NA,NA,NA,NA,NA,NA,NA,NA,NA,NA,NA,NA,NA
"Scotland","S12000042","S12000042","Dundee City","LA",147268,5978,NA,NA,NA,NA,NA,NA,NA,NA,NA,NA,NA,NA,NA,NA,NA,NA,NA
"England","E09000009","E09000009","Ealing","Unitary",338449,5552.5,NA,NA,"11",NA,"340",NA,NA,NA,NA,NA,NA,NA,NA,NA,NA,NA,NA
"Scotland","S12000008","S12000008","East Ayrshire","LA",122767,126212,NA,NA,NA,NA,NA,NA,NA,NA,NA,NA,NA,NA,NA,NA,NA,NA,NA
NA,"E07000009","E07000009","East Cambridgeshire","District",83818,65128.21,"Cambridgeshire",0.134926997311698,NA,NA,NA,NA,NA,NA,NA,NA,NA,NA,NA,NA,NA,NA,NA
NA,"E07000040","E07000040","East Devon","District",132457,81434.66,"Devon",0.177461384594567,NA,NA,NA,NA,NA,NA,NA,NA,NA,NA,NA,NA,NA,NA,NA
NA,"E07000049","E07000049","East Dorset","District",87166,35436.57,"Dorset",0.211104249161429,NA,NA,NA,NA,NA,NA,NA,NA,NA,NA,NA,NA,NA,NA,NA
"Scotland","S12000045","S12000045","East Dunbartonshire","LA",105026,17449,NA,NA,NA,NA,NA,NA,NA,NA,NA,NA,NA,NA,NA,NA,NA,NA,NA
NA,"E07000085","E07000085","East Hampshire","District",115608,51444.15,"Hampshire",0.0877288304340304,NA,NA,NA,"128",NA,"2",NA,NA,NA,NA,NA,NA,NA,NA,NA
NA,"E07000097","E07000242","East Hertfordshire","District",137687,47568.68,"Hertfordshire",0.123368594217884,NA,NA,NA,NA,NA,NA,NA,NA,NA,NA,NA,NA,NA,NA,NA
"England","E07000137","E07000137","East Lindsey","District",136401,176025.58,"Lincolnshire",0.191130703577229,"43",NA,"254",NA,NA,NA,NA,"1",NA,"30",NA,NA,NA,NA,713653
"Scotland","S12000010","S12000010","East Lothian","LA",99717,67918,NA,NA,NA,NA,NA,NA,NA,NA,NA,NA,NA,NA,NA,NA,NA,NA,NA
"England","E07000152","E07000152","East Northamptonshire","District",86765,50978.8,"Northamptonshire",0.125391645663283,"6",NA,"24","35",NA,NA,NA,"6",NA,"24",NA,"35",NA,NA,691952
"Scotland","S12000011","S12000011","East Renfrewshire","LA",90574,17379,NA,NA,NA,NA,NA,NA,NA,NA,NA,NA,NA,NA,NA,NA,NA,NA,NA
"England","E06000011","E06000011","East Riding of Yorkshire","Unitary",334179,240767.65,NA,NA,"2",NA,"77",NA,NA,NA,NA,NA,NA,NA,NA,NA,NA,NA,NA
"England","E07000193","E07000193","East Staffordshire","District",113583,38696.29,"Staffordshire",0.156748797297335,"35",NA,"284",NA,NA,NA,NA,"10",NA,"71",NA,NA,NA,NA,724618
"England","E07000061","E07000061","Eastbourne","District",99412,4415.89,"East Sussex",0.188755408974483,"36",NA,NA,"190",NA,NA,NA,"0",NA,NA,NA,"87",NA,NA,526671
"England","E07000086","E07000086","Eastleigh","District",125199,7977.76,"Hampshire",0.095006935865253,NA,NA,NA,"128",NA,"2",NA,"1",NA,"21",NA,"35",NA,"0",1317788
"England","E07000030","E07000030","Eden","District",52564,214235.65,"Cumbria",0.105157864833613,"1",NA,"8",NA,NA,NA,NA,"1",NA,"8",NA,"114",NA,NA,499858
"Scotland","S12000013","S12000013","Eilean Siar","LA",27684,305950,NA,NA,NA,NA,NA,NA,NA,NA,NA,NA,NA,NA,NA,NA,NA,NA,NA
"England","E07000207","E07000207","Elmbridge","District",130875,9506.07,"Surrey",0.115574139651533,"0",NA,"0",NA,NA,NA,NA,"0",NA,"10",NA,NA,NA,NA,1132390
"England","E09000010","E09000010","Enfield","Unitary",312466,8082.94,NA,NA,NA,NA,"206",NA,NA,NA,NA,NA,NA,NA,NA,NA,NA,NA,NA
NA,"E07000072","E07000072","Epping Forest","District",124659,33898.56,"Essex",0.0894518964370362,NA,NA,NA,NA,NA,NA,NA,NA,NA,NA,NA,NA,NA,NA,NA
"England","E07000208","E07000208","Epsom and Ewell","District",75102,3407.29,"Surrey",0.0663216736283436,NA,NA,"29",NA,NA,NA,"financial",NA,NA,"29",NA,NA,NA,NA,1132390
"England","E07000036","E07000036","Erewash","District",112081,10962.93,"Derbyshire",0.145619122603243,NA,"1576",NA,NA,NA,NA,"financial",NA,NA,NA,NA,NA,NA,NA,769686
"England","E07000041","E07000041","Exeter","District",117773,4702.77,"Devon",0.157788260702386,NA,NA,NA,NA,NA,NA,NA,NA,NA,NA,NA,NA,NA,NA,746399
"Scotland","S12000014","S12000014","Falkirk","LA",155990,29736,NA,NA,NA,NA,NA,NA,NA,NA,NA,NA,NA,NA,NA,NA,NA,NA,NA
"England","E07000087","E07000087","Fareham","District",111581,7423.27,"Hampshire",0.0846729519467471,"17",NA,"221","128",NA,"2",NA,"2",NA,"61",NA,"35",NA,"0",1317788
"England","E07000010","E07000010","Fenland","District",95262,54644.96,"Cambridgeshire",0.153349108996958,NA,NA,NA,NA,NA,NA,NA,NA,NA,NA,NA,NA,NA,NA,621210
"Scotland","S12000015","S12000015","Fife","LA",365198,132486,NA,NA,NA,NA,NA,NA,NA,NA,NA,NA,NA,NA,NA,NA,NA,NA,NA
"Wales","W06000005","W06000005","Flintshire","LA",152506,43753.91,NA,NA,NA,NA,NA,NA,NA,NA,NA,NA,NA,NA,NA,NA,NA,NA,NA
NA,"E07000201","E07000201","Forest Heath","District",59748,37771.06,"Suffolk",0.0820530568018424,NA,NA,NA,NA,NA,NA,NA,NA,NA,NA,NA,NA,NA,NA,NA
"England","E07000080","E07000080","Forest of Dean","District",81961,52650.63,"Gloucestershire",0.137291786714552,"17",NA,"331","145",NA,NA,NA,"0",NA,"10",NA,"140",NA,NA,596984
"England","E07000119","E07000119","Fylde","District",75757,16568.86,"Lancashire",0.0646755550698816,"2",NA,"31",NA,NA,NA,NA,"2",NA,"31",NA,NA,NA,NA,1171339
NA,"E08000020","E08000037","Gateshead","Unitary ",200214,14234.74,"Tyne and Wear",NA,NA,NA,NA,NA,NA,NA,NA,NA,NA,NA,NA,NA,NA,NA,NA
"England","E07000173","E07000173","Gedling","District",113543,11997.63,"Nottinghamshire",0.144493142038325,"6",NA,"64",NA,NA,NA,NA,"0",NA,"46",NA,NA,NA,NA,785802
"Scotland","S12000046","S12000046","Glasgow City","LA",593245,17468,NA,NA,NA,NA,NA,NA,NA,NA,NA,NA,NA,NA,NA,NA,NA,NA,NA
"England","E07000081","E07000081","Gloucester","District",121688,4053.68,"Gloucestershire",0.203837958806266,NA,"288",NA,"145",NA,NA,NA,NA,NA,NA,NA,"140",NA,NA,596984
NA,"E07000088","E07000088","Gosport","District",82622,2532.09,"Hampshire",0.0626974900363336,NA,NA,NA,"128",NA,"2",NA,NA,NA,NA,NA,NA,NA,NA,NA
NA,"E07000109","E07000109","Gravesham","District",101720,9901.87,"Kent",0.0694932160083075,NA,NA,NA,NA,"86",NA,NA,NA,NA,NA,NA,NA,NA,NA,NA
NA,"E07000145","E07000145","Great Yarmouth","District",97277,17418.83,"Norfolk",0.113391258532582,NA,NA,NA,NA,NA,NA,NA,NA,NA,NA,NA,NA,NA,NA,NA
NA,"E09000011","E09000011","Greenwich","Unitary ",254557,4734.38,"Greater London",NA,NA,NA,NA,NA,NA,NA,NA,NA,NA,NA,NA,NA,NA,NA,NA
"England","E07000209","E07000209","Guildford","District",137183,27093.26,"Surrey",0.121144658642341,"1",NA,"6",NA,NA,NA,NA,"1",NA,"6",NA,NA,NA,NA,1132390
"Wales","W06000002","W06000002","Gwynedd","LA",121874,253493.94,NA,NA,"10",NA,"75",NA,NA,NA,NA,NA,NA,NA,NA,NA,NA,NA,NA
NA,"E09000012","E09000012","Hackney","Unitary ",246270,1906.35,"Greater London",NA,NA,NA,NA,NA,NA,NA,NA,NA,NA,NA,NA,NA,NA,NA,NA
"England","E06000006","E06000006","Halton","Unitary",125746,7909.52,NA,NA,NA,"18",NA,NA,NA,NA,NA,NA,NA,NA,NA,NA,NA,NA,NA
"England","E07000164","E07000164","Hambleton","District",89140,131116.95,"North Yorkshire",0.148969878471062,"0",NA,"6",NA,"1660",NA,NA,"0",NA,"6",NA,NA,"1660",NA,598376
"England","E09000013","E09000013","Hammersmith and Fulham","Unitary",182493,1640.4,NA,NA,"64",NA,"265",NA,NA,NA,NA,NA,NA,NA,NA,NA,NA,NA,NA
"England","E07000131","E07000131","Harborough","District",85382,59177.75,"Leicestershire",0.131258176541033,"15",NA,"119","37",NA,"0",NA,"0",NA,"11",NA,NA,NA,NA,650489
"England","E09000014","E09000014","Haringey","Unitary",254926,2958.85,NA,NA,"18",NA,"338",NA,NA,NA,NA,NA,NA,NA,NA,NA,NA,NA,NA
"England","E07000073","E07000073","Harlow","District",81944,3053.75,"Essex",0.0588007781358466,"3",NA,"63",NA,NA,NA,NA,"3",NA,"63",NA,NA,NA,NA,1393587
"England","E07000165","E07000165","Harrogate","District",157869,130793.68,"North Yorkshire",0.263829097423693,"69",NA,"253",NA,"1660",NA,NA,"7",NA,"59",NA,NA,"1660",NA,598376
NA,"E09000015","E09000015","Harrow","Unitary ",239056,5046.91,"Greater London",NA,NA,NA,NA,NA,NA,NA,NA,NA,NA,NA,NA,NA,NA,NA,NA
"England","E07000089","E07000089","Hart","District",91033,21526.53,"Hampshire",0.0690801555333635,"7",NA,"60","128",NA,"2",NA,"2",NA,"12",NA,"35",NA,"0",1317788
NA,"E06000001","E06000001","Hartlepool","Unitary ",92028,9386.11,"Durham",NA,NA,NA,NA,NA,NA,NA,NA,NA,NA,NA,NA,NA,NA,NA,NA
"England","E07000062","E07000062","Hastings","District",90254,2972.4,"East Sussex",0.171366944449191,NA,NA,"80","190",NA,NA,NA,NA,NA,"77",NA,"87",NA,NA,526671
"England","E07000090","E07000090","Havant","District",120684,5536.97,"Hampshire",0.0915807398458629,NA,NA,NA,"128",NA,"2",NA,NA,NA,NA,NA,"35",NA,"0",1317788
"England","E09000016","E09000016","Havering","Unitary",237232,11236.35,NA,NA,NA,NA,NA,NA,NA,NA,NA,NA,NA,NA,NA,NA,NA,NA,NA
NA,"E06000019","E06000019","Herefordshire, County of",NA,183477,217973.24,NA,NA,NA,NA,NA,NA,NA,NA,NA,NA,NA,NA,NA,NA,NA,NA,NA
NA,"E07000098","E07000098","Hertsmere","District",100031,10116,"Hertfordshire",0.0896285331818483,NA,NA,NA,NA,NA,NA,NA,NA,NA,NA,NA,NA,NA,NA,NA
"England","E07000037","E07000037","High Peak","District",90892,53914.69,"Derbyshire",0.118089714506955,NA,NA,NA,NA,NA,NA,NA,NA,NA,NA,NA,NA,NA,NA,769686
"Scotland","S12000017","S12000017","Highland","LA",232132,2568389,NA,NA,NA,NA,NA,NA,NA,NA,NA,NA,NA,NA,NA,NA,NA,NA,NA
"England","E09000017","E09000017","Hillingdon","Unitary",273936,11569.87,NA,NA,"3",NA,"277",NA,NA,NA,NA,NA,NA,NA,NA,NA,NA,NA,NA
"England","E07000132","E07000132","Hinckley and Bosworth","District",105078,29734.91,"Leicestershire",0.161536936058873,"29",NA,"225","37",NA,"0",NA,NA,NA,NA,NA,NA,NA,NA,650489
NA,"E07000227","E07000227","Horsham","District",131301,53027.07,"West Sussex",0.162724379470859,NA,NA,NA,NA,NA,NA,NA,NA,NA,NA,NA,NA,NA,NA,NA
NA,"E09000018","E09000018","Hounslow","Unitary ",253957,5598.62,"Greater London",NA,NA,NA,NA,NA,NA,NA,NA,NA,NA,NA,NA,NA,NA,NA,NA
"England","E07000011","E07000011","Huntingdonshire","District",169508,90618.31,"Cambridgeshire",0.272867468327941,"32",NA,"252",NA,NA,NA,NA,"26",NA,"97",NA,NA,NA,NA,621210
"England","E07000120","E07000120","Hyndburn","District",80734,7299.32,"Lancashire",0.0689245384982486,"5",NA,"7",NA,NA,NA,NA,"5",NA,"7",NA,NA,NA,NA,1171339
"Scotland","S12000018","S12000018","Inverclyde","LA",81485,16044,NA,NA,NA,NA,NA,NA,NA,NA,NA,NA,NA,NA,NA,NA,NA,NA,NA
NA,"E07000202","E07000202","Ipswich","District",133384,3941.46,"Suffolk",0.183178766292712,NA,NA,NA,NA,NA,NA,NA,NA,NA,NA,NA,NA,NA,NA,NA
"Wales","W06000001","W06000001","Isle of Anglesey","LA",69751,71124.11,NA,NA,"0",NA,"66",NA,NA,NA,NA,NA,NA,NA,NA,NA,NA,NA,NA
"England","E06000046","E06000046","Isle of Wight","District",138265,38016.1,"Isle of Wight",1,"12",NA,"527",NA,NA,NA,NA,NA,NA,"168",NA,NA,NA,NA,138265
"England","E06000053","E06000053","Isles of Scilly","Unitary",2203,1637.47,NA,NA,"0",NA,"0",NA,NA,NA,NA,NA,NA,NA,NA,NA,NA,NA,NA
NA,"E09000019","E09000019","Islington","Unitary ",206125,1485.95,"Greater London",NA,NA,NA,NA,NA,NA,NA,NA,NA,NA,NA,NA,NA,NA,NA,NA
"England","E09000020","E09000020","Kensington and Chelsea","Unitary",158649,1212.95,NA,NA,"1",NA,"242",NA,NA,NA,NA,NA,NA,NA,NA,NA,NA,NA,NA
"England","E07000153","E07000153","Kettering","District",93475,23349.24,"Northamptonshire",0.135088850093648,NA,NA,"30","35",NA,NA,NA,"                                                                                                                                                                                                                                                                                                                                                                                                                                                                                                                                                            ",NA,NA,NA,"35",NA,NA,691952
"England","E07000146","E07000146","King's Lynn and West Norfolk","District",147451,142879.4,"Norfolk",0.171876748479988,"24",NA,"344",NA,NA,NA,NA,"2",NA,"26",NA,NA,NA,NA,857888
NA,"E06000010","E06000010","Kingston upon Hull, City of",NA,256406,7144.92,NA,NA,NA,NA,NA,NA,NA,NA,NA,NA,NA,NA,NA,NA,NA,NA,NA
"England","E09000021","E09000021","Kingston upon Thames","Unitary",160060,3724.69,NA,NA,NA,NA,NA,NA,NA,NA,NA,NA,NA,NA,NA,NA,NA,NA,NA
NA,"E08000034","E08000034","Kirklees","Unitary ",422458,40859.65,"West Yorkshire",NA,NA,NA,NA,NA,NA,NA,NA,NA,NA,NA,NA,NA,NA,NA,NA
"England","E08000011","E08000011","Knowsley","Unitary",145893,8646.93,NA,NA,"22",NA,"57",NA,NA,NA,NA,NA,NA,NA,NA,NA,NA,NA,NA
"England","E09000022","E09000022","Lambeth","Unitary",303086,2682.14,NA,NA,"58",NA,"642",NA,NA,NA,NA,NA,NA,NA,NA,NA,NA,NA,NA
NA,"E07000121","E07000121","Lancaster","District",138375,57585.64,"Lancashire",0.118134032931542,NA,NA,NA,NA,NA,NA,NA,NA,NA,NA,NA,NA,NA,NA,NA
"England","E08000035","E08000035","Leeds","Unitary",751485,55172.44,NA,NA,"302",NA,"2037",NA,NA,NA,NA,NA,NA,NA,NA,NA,NA,NA,NA
"England","E06000016","E06000016","Leicester","Unitary",329839,7331.48,NA,NA,"25",NA,"348","37",NA,"0",NA,NA,NA,NA,NA,NA,NA,NA,NA
"England","E07000063","E07000063","Lewes","District",97502,29207.1,"East Sussex",0.185128856534725,"30",NA,"22","190",NA,NA,NA,"0",NA,"16",NA,"87",NA,NA,526671
NA,"E09000023","E09000023","Lewisham","Unitary ",275885,3514.54,"Greater London",NA,NA,NA,NA,NA,NA,NA,NA,NA,NA,NA,NA,NA,NA,NA,NA
"England","E07000194","E07000194","Lichfield","District",100654,33129.71,"Staffordshire",0.13890629269491,"1",NA,"13",NA,NA,NA,NA,"1",NA,"13",NA,NA,NA,NA,724618
"England","E07000138","E07000138","Lincoln","District",93541,3568.8,"Lincolnshire",0.13107350491065,NA,NA,"353",NA,NA,NA,NA,NA,NA,"353",NA,NA,NA,NA,713653
"England","E08000012","E08000012","Liverpool","Unitary",466415,11184.35,NA,NA,NA,NA,NA,NA,NA,NA,NA,NA,NA,NA,NA,NA,NA,NA,NA
NA,"E06000032","E06000032","Luton","Unitary ",203201,4335.33,"Bedfordshire",NA,NA,NA,NA,NA,NA,NA,NA,NA,NA,NA,NA,NA,NA,NA,NA
"England","E07000110","E07000110","Maidstone","District",155143,39333.34,"Kent",0.105990818041455,NA,NA,NA,NA,"86",NA,NA,"11",NA,"66",NA,NA,"59",NA,1463740
NA,"E07000074","E07000074","Maldon","District",61629,35876.76,"Essex",0.0442232885352691,NA,NA,NA,NA,NA,NA,NA,NA,NA,NA,NA,NA,NA,NA,NA
NA,"E07000235","E07000235","Malvern Hills","District",74631,57707.13,"Worcestershire",0.131817531514442,NA,NA,NA,"74",NA,NA,NA,NA,NA,NA,NA,NA,NA,NA,NA
NA,"E08000003","E08000003","Manchester","Unitary ",503127,11564.49,"Greater Manchester",NA,NA,NA,NA,NA,NA,NA,NA,NA,NA,NA,NA,NA,NA,NA,NA
"England","E07000174","E07000174","Mansfield","District",104466,7671.65,"Nottinghamshire",0.132941886123985,NA,NA,NA,NA,NA,NA,NA,"1",NA,"45",NA,NA,NA,NA,785802
NA,"E06000035","E06000035","Medway","Unitary ",263925,19203.31,"Kent",0.180308661374288,NA,NA,NA,NA,"86",NA,NA,NA,NA,NA,NA,NA,NA,NA,NA
NA,"E07000133","E07000133","Melton","District",50376,48137.68,"Leicestershire",0.0774432772883169,NA,NA,NA,"37",NA,"0",NA,NA,NA,NA,NA,NA,NA,NA,NA
"England","E07000187","E07000187","Mendip","District",109279,73943.51,"Somerset",0.206197685915482,NA,NA,NA,"79",NA,"2",NA,"3",NA,"43",NA,"69",NA,"0",529972
"Wales","W06000024","W06000024","Merthyr Tydfil","LA",58802,11139.29,NA,NA,"3",NA,"31",NA,NA,NA,NA,NA,NA,NA,NA,NA,NA,NA,NA
NA,"E09000024","E09000024","Merton","Unitary ",199693,3760.87,"Greater London",NA,NA,NA,NA,NA,NA,NA,NA,NA,NA,NA,NA,NA,NA,NA,NA
NA,"E07000042","E07000042","Mid Devon","District",77750,91293.48,"Devon",0.104166806225625,NA,NA,NA,NA,NA,NA,NA,NA,NA,NA,NA,NA,NA,NA,NA
"England","E07000203","E07000203","Mid Suffolk","District",96731,87107.11,"Suffolk",0.13284250916347,NA,NA,NA,NA,NA,NA,NA,NA,NA,NA,NA,NA,NA,NA,728163
"England","E07000228","E07000228","Mid Sussex","District",139860,33402.39,"West Sussex",0.173331746999598,"16",NA,"30",NA,NA,NA,NA,"0",NA,"20",NA,NA,NA,NA,806892
NA,"E06000002","E06000002","Middlesbrough","Unitary ",138412,5387.47,"North Yorkshire",0.231312753185288,NA,NA,NA,NA,"1660",NA,NA,NA,NA,NA,NA,NA,NA,NA,NA
"Scotland","S12000019","S12000019","Midlothian","LA",83187,35369,NA,NA,NA,NA,NA,NA,NA,NA,NA,NA,NA,NA,NA,NA,NA,NA,NA
"England","E06000042","E06000042","Milton Keynes","Unitary",248821,30862.53,NA,NA,NA,NA,"10037",NA,NA,NA,NA,NA,NA,NA,NA,NA,NA,NA,NA
"England","E07000210","E07000210","Mole Valley","District",85375,25832.26,"Surrey",0.0753936364680013,"0",NA,"6",NA,NA,NA,NA,"0",NA,"6",NA,NA,NA,NA,1132390
"Wales","W06000021","W06000021","Monmouthshire","LA",91323,84914.94,NA,NA,NA,NA,NA,NA,NA,NA,NA,NA,NA,NA,NA,NA,NA,NA,NA
"Scotland","S12000020","S12000020","Moray","LA",93295,223756,NA,NA,NA,NA,NA,NA,NA,NA,NA,NA,NA,NA,NA,NA,NA,NA,NA
"Wales","W06000012","W06000012","Neath Port Talbot","LA",139812,44125.95,NA,NA,NA,NA,NA,NA,NA,NA,NA,NA,NA,NA,NA,NA,NA,NA,NA
"England","E07000091","E07000091","New Forest","District",176462,75313.48,"Hampshire",0.133907730226713,NA,"73",NA,"128",NA,"2","financial",NA,"73",NA,NA,"35",NA,"0",1317788
NA,"E07000175","E07000175","Newark and Sherwood","District",114817,65131.85,"Nottinghamshire",0.146114415590696,NA,NA,NA,NA,NA,NA,NA,NA,NA,NA,NA,NA,NA,NA,NA
NA,"E08000021","E08000021","Newcastle upon Tyne",NA,280177,11343.86,NA,NA,NA,NA,NA,NA,NA,NA,NA,NA,NA,NA,NA,NA,NA,NA,NA
NA,"E07000195","E07000195","Newcastle-under-Lyme",NA,123871,21095.75,NA,NA,NA,NA,NA,NA,NA,NA,NA,NA,NA,NA,NA,NA,NA,NA,NA
NA,"E09000025","E09000025","Newham","Unitary ",307984,3622.36,"Greater London",NA,NA,NA,NA,NA,NA,NA,NA,NA,NA,NA,NA,NA,NA,NA,NA
"Wales","W06000022","W06000022","Newport","LA",145736,19051.6,NA,NA,NA,NA,NA,NA,NA,NA,NA,NA,NA,NA,NA,NA,NA,NA,NA
"Scotland","S12000021","S12000021","North Ayrshire","LA",138146,88534,NA,NA,NA,NA,NA,NA,NA,NA,NA,NA,NA,NA,NA,NA,NA,NA,NA
"England","E07000043","E07000043","North Devon","District",93667,108605.1,"Devon",0.125491861591454,"34",NA,"307",NA,NA,NA,NA,"3",NA,"33",NA,NA,NA,NA,746399
"England","E07000050","E07000050","North Dorset","District",68583,60921.76,"Dorset",0.166098739419479,"15",NA,"147",NA,NA,NA,NA,"0",NA,"11",NA,NA,NA,NA,412905
NA,"E07000038","E07000038","North East Derbyshire","District",99023,27560.03,"Derbyshire",0.128653762703232,NA,NA,NA,NA,NA,NA,NA,NA,NA,NA,NA,NA,NA,NA,NA
"England","E06000012","E06000012","North East Lincolnshire","Unitary",159616,19184.49,NA,NA,"1",NA,"104",NA,NA,NA,NA,NA,NA,NA,NA,NA,NA,NA,NA
"England","E07000099","E07000099","North Hertfordshire","District",127114,37537.51,"Hertfordshire",0.113895106185857,"21",NA,"96",NA,NA,NA,"April-Dec","3",NA,"27",NA,NA,NA,NA,1116062
NA,"E07000139","E07000139","North Kesteven","District",107766,92244.28,"Lincolnshire",0.151006161257642,NA,NA,NA,NA,NA,NA,NA,NA,NA,NA,NA,NA,NA,NA,NA
"Scotland","S12000044","S12000044","North Lanarkshire","LA",337727,46991,NA,NA,NA,NA,NA,NA,NA,NA,NA,NA,NA,NA,NA,NA,NA,NA,NA
NA,"E06000013","E06000013","North Lincolnshire","Unitary ",167446,84631.29,"Lincolnshire",0.234632237235743,NA,NA,NA,NA,NA,NA,NA,NA,NA,NA,NA,NA,NA,NA,NA
NA,"E07000147","E07000147","North Norfolk","District",101499,96333.07,"Norfolk",0.118312646872319,NA,NA,NA,NA,NA,NA,NA,NA,NA,NA,NA,NA,NA,NA,NA
NA,"E06000024","E06000024","North Somerset","Unitary ",202566,37378.6,"Somerset",0.382220192764901,NA,NA,NA,"79",NA,"2",NA,NA,NA,NA,NA,NA,NA,NA,NA
NA,"E08000022","E08000022","North Tyneside","Unitary ",200801,8239.1,"Tyne and Wear",NA,NA,NA,NA,NA,NA,NA,NA,NA,NA,NA,NA,NA,NA,NA,NA
"England","E07000218","E07000218","North Warwickshire","District",62014,28426.69,"Warwickshire",0.14591907084654,NA,"16",NA,NA,NA,NA,NA,NA,"16",NA,NA,NA,NA,NA,424989
"England","E07000134","E07000134","North West Leicestershire","District",93468,27932.85,"Leicestershire",0.143688824868676,NA,"218",NA,"37",NA,"0","financial",NA,"22",NA,NA,NA,NA,NA,650489
"England","E07000154","E07000154","Northampton","District",212069,8076.17,"Northamptonshire",0.306479351168867,NA,"174",NA,"35",NA,NA,NA,NA,NA,NA,NA,"35",NA,NA,691952
"Northern Ireland","N92000002","N92000002","Northern Ireland","LA",1814297,1415309.8,NA,NA,NA,NA,NA,NA,NA,NA,NA,NA,NA,NA,NA,NA,NA,NA,NA
NA,"E06000048","E06000057","Northumberland","Unitary ",316028,501301.83,"Northumberland",NA,NA,NA,NA,NA,NA,NA,NA,NA,NA,NA,NA,NA,NA,NA,NA
NA,"E07000148","E07000148","Norwich","District",132512,3902.6,"Norfolk",0.154463053452199,NA,NA,NA,NA,NA,NA,NA,NA,NA,NA,NA,NA,NA,NA,NA
NA,"E06000018","E06000018","Nottingham","Unitary ",305680,7461.16,"Nottinghamshire",0.389003845752492,NA,NA,NA,NA,NA,NA,NA,NA,NA,NA,NA,NA,NA,NA,NA
NA,"E07000219","E07000219","Nuneaton and Bedworth","District",125252,7895.14,"Warwickshire",0.294718216236185,NA,NA,NA,NA,NA,NA,NA,NA,NA,NA,NA,NA,NA,NA,NA
"England","E07000135","E07000135","Oadby and Wigston","District",56170,2352.33,"Leicestershire",0.0863504225282826,"3",NA,"26","37",NA,"0",NA,"3",NA,"26",NA,NA,NA,NA,650489
"England","E08000004","E08000004","Oldham","Unitary",224897,14236.49,NA,NA,NA,NA,NA,NA,NA,NA,NA,NA,NA,NA,NA,NA,NA,NA,NA
"Scotland","S12000023","S12000023","Orkney Islands","LA",21349,98980,NA,NA,NA,NA,NA,NA,NA,NA,NA,NA,NA,NA,NA,NA,NA,NA,NA
"England","E07000178","E07000178","Oxford","District",151906,4559.58,"Oxfordshire",0.285103507817045,NA,NA,NA,"51",NA,NA,NA,NA,NA,NA,NA,"51",NA,NA,532810
"Wales","W06000009","W06000009","Pembrokeshire","LA",122439,161873.87,NA,NA,"23",NA,"167",NA,NA,NA,NA,NA,NA,NA,NA,NA,NA,NA,NA
"England","E07000122","E07000122","Pendle","District",89452,16936.37,"Lancashire",0.0763673027193665,NA,NA,NA,NA,NA,NA,NA,"20",NA,"63",NA,NA,NA,NA,1171339
"Scotland","S12000024","S12000024","Perth and Kinross","LA",146652,528558,NA,NA,NA,NA,NA,NA,NA,NA,NA,NA,NA,NA,NA,NA,NA,NA,NA
"England","E06000031","E06000031","Peterborough","Unitary",183631,34337.82,NA,NA,"13",NA,"279",NA,NA,NA,NA,NA,NA,NA,NA,NA,NA,NA,NA
"England","E06000031","E06000031","Peterborough","Unitary",183631,34337.82,NA,NA,NA,NA,NA,NA,NA,NA,NA,NA,NA,NA,NA,NA,NA,NA,NA
NA,"E06000026","E06000026","Plymouth","Unitary ",256384,7983.36,"Devon",0.343494565239235,NA,NA,NA,NA,NA,NA,NA,NA,NA,NA,NA,NA,NA,NA,NA
"England","E06000029","E06000029","Poole","Unitary",147645,6475.33,NA,NA,"61",NA,"509",NA,NA,NA,NA,NA,NA,NA,NA,NA,NA,NA,NA
NA,"E06000044","E06000044","Portsmouth","Unitary ",205056,4041.14,"Hampshire",0.155606212835448,NA,NA,NA,"128",NA,"2",NA,NA,NA,NA,NA,NA,NA,NA,NA
"Wales","W06000023","W06000023","Powys","LA",132976,518037.01,NA,NA,"22",NA,"111",NA,NA,NA,NA,NA,NA,NA,NA,NA,NA,NA,NA
"England","E07000123","E07000123","Preston","District",140202,14229.4,"Lancashire",0.119693786341956,"16",NA,"29",NA,NA,NA,NA,"16",NA,"29",NA,NA,NA,NA,1171339
"England","E07000051","E07000051","Purbeck","District",44973,40441.57,"Dorset",0.10891851636575,"10",NA,"73",NA,NA,NA,NA,"1",NA,"14",NA,NA,NA,NA,412905
"England","E06000038","E06000038","Reading","Unitary",155698,4039.86,NA,NA,"64",NA,"525",NA,NA,NA,NA,NA,NA,NA,NA,NA,NA,NA,NA
NA,"E09000026","E09000026","Redbridge","Unitary ",278970,5641.14,"Greater London",NA,NA,NA,NA,NA,NA,NA,NA,NA,NA,NA,NA,NA,NA,NA,NA
NA,"E06000003","E06000003","Redcar and Cleveland","Unitary ",135177,24489.51,"North Yorkshire",0.225906453467385,NA,NA,NA,NA,"1660",NA,NA,NA,NA,NA,NA,NA,NA,NA,NA
"England","E07000236","E07000236","Redditch","District",84214,5424.98,"Worcestershire",0.148743573032081,"9",NA,"43","74",NA,NA,NA,NA,NA,NA,NA,"73",NA,NA,566169
NA,"E07000211","E07000211","Reigate and Banstead","District",137835,12913.41,"Surrey",0.121720432006641,NA,NA,NA,NA,NA,NA,NA,NA,NA,NA,NA,NA,NA,NA,NA
"Scotland","S12000038","S12000038","Renfrewshire","LA",174908,26194,NA,NA,NA,NA,NA,NA,NA,NA,NA,NA,NA,NA,NA,NA,NA,NA,NA
"Wales","W06000016","W06000016","Rhondda Cynon Taf","LA",234410,42412.97,NA,NA,"32",NA,"86",NA,NA,NA,NA,NA,NA,NA,NA,NA,NA,NA,NA
"England","E07000124","E07000124","Ribble Valley","District",57132,58316.11,"Lancashire",0.0487749490113451,"7",NA,"57",NA,NA,NA,NA,"1",NA,"1",NA,NA,NA,NA,1171339
"England","E09000027","E09000027","Richmond upon Thames","Unitary",186990,5741.52,NA,NA,NA,NA,NA,NA,NA,NA,NA,NA,NA,NA,NA,NA,NA,NA,NA
NA,"E07000166","E07000166","Richmondshire","District",51965,131867.12,"North Yorkshire",0.086843389440753,NA,NA,NA,NA,"1660",NA,NA,NA,NA,NA,NA,NA,NA,NA,NA
NA,"E08000005","E08000005","Rochdale","Unitary ",211699,15808.07,"Greater Manchester",NA,NA,NA,NA,NA,NA,NA,NA,NA,NA,NA,NA,NA,NA,NA,NA
NA,"E07000075","E07000075","Rochford","District",83287,16949.84,"Essex",0.0597644782851734,NA,NA,NA,NA,NA,NA,NA,NA,NA,NA,NA,NA,NA,NA,NA
NA,"E07000125","E07000125","Rossendale","District",67982,13804.82,"Lancashire",0.0580378524065194,NA,NA,NA,NA,NA,NA,NA,NA,NA,NA,NA,NA,NA,NA,NA
"England","E07000064","E07000064","Rother","District",90588,50943.05,"East Sussex",0.17200111644651,NA,NA,"30","190",NA,NA,NA,NA,NA,"26",NA,"87",NA,NA,526671
NA,"E08000018","E08000018","Rotherham","Unitary ",257280,28653.77,"South Yorkshire",NA,NA,NA,NA,NA,NA,NA,NA,NA,NA,NA,NA,NA,NA,NA,NA
NA,"E07000220","E07000220","Rugby","District",100075,35111.41,"Warwickshire",0.235476682925911,NA,NA,NA,NA,NA,NA,NA,NA,NA,NA,NA,NA,NA,NA,NA
"England","E07000212","E07000212","Runnymede","District",80510,7804.32,"Surrey",0.0710974134353006,"1",NA,NA,NA,NA,NA,NA,NA,NA,NA,NA,NA,NA,NA,1132390
"England","E07000176","E07000176","Rushcliffe","District",111129,40923.64,"Nottinghamshire",0.14142112135118,NA,NA,"222",NA,NA,NA,NA,NA,NA,"4",NA,NA,NA,NA,785802
"England","E07000092","E07000092","Rushmoor","District",93807,3904.46,"Hampshire",0.0711851982261183,NA,NA,NA,"128",NA,"2",NA,"1",NA,"23",NA,"35",NA,"0",1317788
"England","E06000017","E06000017","Rutland","Unitary",37369,38151.51,NA,NA,"<5",NA,"<5",NA,NA,NA,NA,NA,NA,NA,NA,NA,NA,NA,NA
NA,"E07000167","E07000167","Ryedale","District",51751,150659.41,"North Yorkshire",0.0864857547762611,NA,NA,NA,NA,"1660",NA,NA,NA,NA,NA,NA,NA,NA,NA,NA
NA,"E08000006","E08000006","Salford","Unitary ",233933,9719.02,"Greater Manchester",NA,NA,NA,NA,NA,NA,NA,NA,NA,NA,NA,NA,NA,NA,NA,NA
NA,"E08000028","E08000028","Sandwell","Unitary ",308063,8556.73,"West Midlands",NA,NA,NA,NA,NA,NA,NA,NA,NA,NA,NA,NA,NA,NA,NA,NA
"England","E07000168","E07000168","Scarborough","District",108793,81654.13,"North Yorkshire",0.181813775953581,"10",NA,"300",NA,"1660",NA,NA,"2",NA,"51",NA,NA,"1660",NA,598376
"Scotland","S12000026","S12000026","Scottish Borders","LA",113870,473174,NA,NA,NA,NA,NA,NA,NA,NA,NA,NA,NA,NA,NA,NA,NA,NA,NA
NA,"E07000188","E07000188","Sedgemoor","District",114588,56436.28,"Somerset",0.21621519627452,NA,NA,NA,"79",NA,"2",NA,NA,NA,NA,NA,NA,NA,NA,NA
NA,"E08000014","E08000014","Sefton","Unitary ",273790,15313.61,"Merseyside",NA,NA,NA,NA,NA,NA,NA,NA,NA,NA,NA,NA,NA,NA,NA,NA
"England","E07000169","E07000169","Selby","District",83449,59931.19,"North Yorkshire",0.139459136061607,NA,"177",NA,NA,"1660",NA,NA,NA,"9",NA,NA,NA,"1660",NA,598376
"England","E07000111","E07000111","Sevenoaks","District",114893,36919.86,"Kent",0.0784927651085575,NA,NA,NA,NA,"86",NA,NA,NA,NA,NA,NA,NA,"59",NA,1463740
"England","E08000019","E08000019","Sheffield","Unitary",552698,36794.79,NA,NA,"62",NA,"599",NA,NA,NA,NA,NA,NA,NA,NA,NA,NA,NA,NA
NA,"E07000112","E07000112","Shepway","District",107969,35670.31,"Kent",0.0737624168226598,NA,NA,NA,NA,"86",NA,NA,NA,NA,NA,NA,NA,NA,NA,NA
"Scotland","S12000027","S12000027","Shetland Islands","LA",23167,146665,NA,NA,NA,NA,NA,NA,NA,NA,NA,NA,NA,NA,NA,NA,NA,NA,NA
NA,"E06000051","E06000051","Shropshire","Unitary ",306129,319730.32,"Shropshire",NA,NA,NA,NA,NA,NA,NA,NA,NA,NA,NA,NA,NA,NA,NA,NA
NA,"E06000039","E06000039","Slough","Unitary ",140205,3253.61,"Berkshire",NA,NA,NA,NA,NA,NA,NA,NA,NA,NA,NA,NA,NA,NA,NA,NA
"England","E08000029","E08000029","Solihull","Unitary",206674,17828.78,NA,NA,NA,NA,NA,NA,NA,NA,NA,NA,NA,NA,NA,NA,NA,NA,NA
"Scotland","S12000028","S12000028","South Ayrshire","LA",112799,122198,NA,NA,NA,NA,NA,NA,NA,NA,NA,NA,NA,NA,NA,NA,NA,NA,NA
"England","E07000006","E07000006","South Bucks","District",66867,14127.52,"Buckinghamshire",0.132335740565188,"2",NA,NA,NA,NA,NA,NA,"2",NA,NA,NA,NA,NA,NA,505283
"England","E07000012","E07000012","South Cambridgeshire","District",148755,90162.77,"Cambridgeshire",0.239460085961269,NA,NA,NA,NA,NA,NA,NA,"3",NA,"40",NA,NA,NA,NA,621210
NA,"E07000039","E07000039","South Derbyshire","District",94611,33812.06,"Derbyshire",0.122921555023737,NA,NA,NA,NA,NA,NA,NA,NA,NA,NA,NA,NA,NA,NA,NA
NA,"E06000025","E06000025","South Gloucestershire","Unitary ",262767,49694.56,"Gloucestershire",0.440157525159803,NA,NA,NA,"145",NA,NA,NA,NA,NA,NA,NA,NA,NA,NA,NA
NA,"E07000044","E07000044","South Hams","District",83140,88649.78,"Devon",0.111388144946604,NA,NA,NA,NA,NA,NA,NA,NA,NA,NA,NA,NA,NA,NA,NA
NA,"E07000140","E07000140","South Holland","District",88270,74238.31,"Lincolnshire",0.123687562442812,NA,NA,NA,NA,NA,NA,NA,NA,NA,NA,NA,NA,NA,NA,NA
NA,"E07000141","E07000141","South Kesteven","District",133788,94259.45,"Lincolnshire",0.187469260270748,NA,NA,NA,NA,NA,NA,NA,NA,NA,NA,NA,NA,NA,NA,NA
"England","E07000031","E07000031","South Lakeland","District",103658,153362,"Cumbria",0.207374894470029,"0",NA,"123",NA,NA,NA,NA,"0",NA,"4",NA,"114",NA,NA,499858
"Scotland","S12000029","S12000029","South Lanarkshire","LA",313830,177189,NA,NA,NA,NA,NA,NA,NA,NA,NA,NA,NA,NA,NA,NA,NA,NA,NA
"England","E07000149","E07000149","South Norfolk","District",124012,90770.68,"Norfolk",0.144555000186505,"5",NA,"17",NA,NA,NA,NA,"5",NA,"17",NA,NA,NA,NA,857888
"England","E07000155","E07000155","South Northamptonshire","District",85189,63401.85,"Northamptonshire",0.123114031031054,"4",NA,"109","35",NA,NA,NA,"1",NA,"4",NA,"35",NA,NA,691952
NA,"E07000179","E07000179","South Oxfordshire","District",134257,67853.37,"Oxfordshire",0.251979129520842,NA,NA,NA,"51",NA,NA,NA,NA,NA,NA,NA,NA,NA,NA,NA
NA,"E07000126","E07000126","South Ribble","District",109057,11295.57,"Lancashire",0.0931045581168219,NA,NA,NA,NA,NA,NA,NA,NA,NA,NA,NA,NA,NA,NA,NA
NA,"E07000189","E07000189","South Somerset","District",161243,95904.23,"Somerset",0.304248148958813,NA,NA,NA,"79",NA,"2",NA,NA,NA,NA,NA,NA,NA,NA,NA
NA,"E07000196","E07000196","South Staffordshire","District",108131,40731.52,"Staffordshire",0.149224832946463,NA,NA,NA,NA,NA,NA,NA,NA,NA,NA,NA,NA,NA,NA,NA
NA,"E08000023","E08000023","South Tyneside","Unitary ",148127,6441.31,"Tyne and Wear",NA,NA,NA,NA,NA,NA,NA,NA,NA,NA,NA,NA,NA,NA,NA,NA
NA,"E06000045","E06000045","Southampton","Unitary ",236882,4988.93,"Hampshire",0.17975729024699,NA,NA,NA,"128",NA,"2",NA,NA,NA,NA,NA,NA,NA,NA,NA
"England","E06000033","E06000033","Southend-on-Sea","Unitary",173658,4175.6,NA,NA,"43",NA,"58",NA,NA,NA,NA,NA,NA,NA,NA,NA,NA,NA,NA
NA,"E09000028","E09000028","Southwark","Unitary ",288283,2885.41,"Greater London",NA,NA,NA,NA,NA,NA,NA,NA,NA,NA,NA,NA,NA,NA,NA,NA
NA,"E07000213","E07000213","Spelthorne","District",95598,4488.44,"Surrey",0.0844214449085562,NA,NA,NA,NA,NA,NA,NA,NA,NA,NA,NA,NA,NA,NA,NA
"England","E07000100","E07000240","St Albans","District",140664,16117.63,"Hertfordshire",0.126036008752202,NA,NA,NA,NA,NA,NA,NA,"8",NA,"26",NA,NA,NA,NA,1116062
NA,"E07000204","E07000204","St Edmundsbury","District",111008,65696.41,"Suffolk",0.152449382899159,NA,NA,NA,NA,NA,NA,NA,NA,NA,NA,NA,NA,NA,NA,NA
"England","E08000013","E08000013","St. Helens","Unitary",175308,13638.25,NA,NA,"86",NA,"50",NA,NA,NA,NA,NA,NA,NA,NA,NA,NA,NA,NA
"England","E07000197","E07000197","Stafford","District",130869,59817.26,"Staffordshire",0.180604125208041,"1",NA,"7",NA,NA,NA,NA,"1",NA,"7",NA,NA,NA,NA,724618
"England","E07000198","E07000198","Staffordshire Moorlands","District",97106,57584.71,"Staffordshire",0.134009919709419,"1",NA,"23",NA,NA,NA,NA,"1",NA,"19",NA,NA,NA,NA,724618
NA,"E07000101","E07000243","Stevenage","District",83957,2596.4,"Hertfordshire",0.0752261075101563,NA,NA,NA,NA,NA,NA,NA,NA,NA,NA,NA,NA,NA,NA,NA
"Scotland","S12000030","S12000030","Stirling","LA",90247,218697,NA,NA,NA,NA,NA,NA,NA,NA,NA,NA,NA,NA,NA,NA,NA,NA,NA
"England","E08000007","E08000007","Stockport","Unitary",283275,12606.18,NA,NA,"<10",NA,"151",NA,NA,NA,NA,NA,NA,NA,NA,NA,NA,NA,NA
NA,"E06000004","E06000004","Stockton-on-Tees",NA,191610,20393.06,NA,NA,NA,NA,NA,NA,NA,NA,NA,NA,NA,NA,NA,NA,NA,NA,NA
"England","E06000021","E06000021","Stoke-on-Trent","Unitary",249008,9345.02,NA,NA,"48",NA,"599",NA,NA,NA,NA,NA,NA,NA,NA,NA,NA,NA,NA
NA,"E07000221","E07000221","Stratford-on-Avon",NA,120485,97786.63,NA,NA,NA,NA,NA,NA,NA,NA,NA,NA,NA,NA,NA,NA,NA,NA,NA
"England","E07000082","E07000082","Stroud","District",112779,46065.47,"Gloucestershire",0.188914610776838,"0",NA,"16","145",NA,NA,NA,"0",NA,"16",NA,"140",NA,NA,596984
"England","E07000205","E07000205","Suffolk Coastal","District",124298,89156.43,"Suffolk",0.170700790894346,"1",NA,"7",NA,NA,NA,NA,"1",NA,"7",NA,NA,NA,NA,728163
NA,"E08000024","E08000024","Sunderland","Unitary ",275506,13746.17,"Tyne and Wear",NA,NA,NA,NA,NA,NA,NA,NA,NA,NA,NA,NA,NA,NA,NA,NA
"England","E07000214","E07000214","Surrey Heath","District",86144,9509.28,"Surrey",0.0760727311262021,NA,NA,NA,NA,NA,NA,NA,"0",NA,"38",NA,NA,NA,NA,1132390
NA,"E09000029","E09000029","Sutton","Unitary ",190146,4385.02,"Greater London",NA,NA,NA,NA,NA,NA,NA,NA,NA,NA,NA,NA,NA,NA,NA,NA
"England","E07000113","E07000113","Swale","District",135835,37338.55,"Kent",0.0927999508109364,"31",NA,"72",NA,"86",NA,NA,"31",NA,"72",NA,NA,"59",NA,1463740
"Wales","W06000011","W06000011","Swansea","LA",239023,37974.42,NA,NA,"14",NA,"815",NA,NA,NA,NA,NA,NA,NA,NA,NA,NA,NA,NA
NA,"E06000030","E06000030","Swindon","Unitary ",209156,23010.36,"Wiltshire",NA,NA,NA,NA,NA,NA,NA,NA,NA,NA,NA,NA,NA,NA,NA,NA
"England","E08000008","E08000008","Tameside","Unitary",219324,10317.14,NA,NA,"45",NA,NA,NA,NA,NA,NA,NA,NA,NA,NA,NA,NA,NA,NA
"England","E07000199","E07000199","Tamworth","District",76813,3084.62,"Staffordshire",0.106004819090887,"23",NA,"48",NA,NA,NA,NA,"23",NA,"48",NA,NA,NA,NA,724618
"England","E07000215","E07000215","Tandridge","District",82998,24818.98,"Surrey",0.073294536334655,NA,NA,NA,NA,NA,NA,NA,"1",NA,"13",NA,NA,NA,NA,1132390
"England","E07000190","E07000190","Taunton Deane","District",110187,46236.29,"Somerset",0.207910983976512,NA,NA,NA,"79",NA,"2",NA,"2",NA,"51",NA,"69",NA,"0",529972
NA,"E07000045","E07000045","Teignbridge","District",124220,67387,"Devon",0.166425732081635,NA,NA,NA,NA,NA,NA,NA,NA,NA,NA,NA,NA,NA,NA,NA
NA,"E06000020","E06000020","Telford and Wrekin","Unitary ",166641,29031.32,"Shropshire",NA,NA,NA,NA,NA,NA,NA,NA,NA,NA,NA,NA,NA,NA,NA,NA
"England","E07000076","E07000076","Tendring","District",138048,33764.12,"Essex",0.0990594774492012,"48",NA,"451",NA,NA,NA,NA,"5",NA,"38",NA,NA,NA,NA,1393587
"England","E07000093","E07000093","Test Valley","District",116398,62757.99,"Hampshire",0.0883283198814984,"1",NA,"12","128",NA,"2",NA,"1",NA,"12",NA,"35",NA,"0",1317788
NA,"E07000083","E07000083","Tewkesbury","District",81943,41441.83,"Gloucestershire",0.137261635152701,NA,NA,NA,"145",NA,NA,NA,NA,NA,NA,NA,NA,NA,NA,NA
"England","E07000114","E07000114","Thanet","District",134186,10333.53,"Kent",0.0916733846174867,"12",NA,"117",NA,"86",NA,NA,"12",NA,"117",NA,NA,"59",NA,1463740
"England","E07000102","E07000102","Three Rivers","District",87317,8881.34,"Hertfordshire",0.078236692943582,NA,NA,NA,NA,NA,NA,NA,NA,NA,NA,NA,NA,NA,NA,1116062
NA,"E06000034","E06000034","Thurrock","Unitary ",157705,16337.6,"Essex",0.113164804206698,NA,NA,NA,NA,NA,NA,NA,NA,NA,NA,NA,NA,NA,NA,NA
"England","E07000115","E07000115","Tonbridge and Malling","District",120805,24013.56,"Kent",0.0825317337778567,"3",NA,"36",NA,"86",NA,NA,"2",NA,"36",NA,NA,"59",NA,1463740
NA,"E06000027","E06000027","Torbay","Unitary ",130959,6287.4,"Devon",0.175454415131853,NA,NA,NA,NA,NA,NA,NA,NA,NA,NA,NA,NA,NA,NA,NA
"Wales","W06000020","W06000020","Torfaen","LA",91075,12564.08,NA,NA,"28",NA,"201",NA,NA,NA,NA,NA,NA,NA,NA,NA,NA,NA,NA
"England","E07000046","E07000046","Torridge","District",63839,98385.32,"Devon",0.0855293214487158,"60",NA,"133",NA,NA,NA,NA,"7",NA,"25",NA,NA,NA,NA,746399
NA,"E09000030","E09000030","Tower Hamlets","Unitary ",254096,1976.9,"Greater London",NA,NA,NA,NA,NA,NA,NA,NA,NA,NA,NA,NA,NA,NA,NA,NA
NA,"E08000009","E08000009","Trafford","Unitary ",226578,10603.73,"Greater Manchester",NA,NA,NA,NA,NA,NA,NA,NA,NA,NA,NA,NA,NA,NA,NA,NA
"England","E07000116","E07000116","Tunbridge Wells","District",115049,33132.82,"Kent",0.0785993414130925,"30",NA,"273",NA,"86",NA,NA,"0",NA,"21",NA,NA,"59",NA,1463740
NA,"E07000077","E07000077","Uttlesford","District",79443,64118.28,"Essex",0.0570061287885148,NA,NA,NA,NA,NA,NA,NA,NA,NA,NA,NA,NA,NA,NA,NA
"Wales","W06000014","W06000014","Vale of Glamorgan","LA",126336,33095.28,NA,NA,NA,NA,NA,NA,NA,NA,NA,NA,NA,NA,NA,NA,NA,NA,NA
NA,"E07000180","E07000180","Vale of White Horse",NA,120988,57761.77,NA,NA,NA,NA,NA,NA,NA,NA,NA,NA,NA,NA,NA,NA,NA,NA,NA
"England","E08000036","E08000036","Wakefield","Unitary",325837,33861.24,NA,NA,NA,NA,NA,NA,NA,NA,NA,NA,NA,NA,NA,NA,NA,NA,NA
NA,"E08000030","E08000030","Walsall","Unitary ",269323,10395.49,"West Midlands",NA,NA,NA,NA,NA,NA,NA,NA,NA,NA,NA,NA,NA,NA,NA,NA
NA,"E09000031","E09000031","Waltham Forest","Unitary ",258249,3881.4,"Greater London",NA,NA,NA,NA,NA,NA,NA,NA,NA,NA,NA,NA,NA,NA,NA,NA
"England","E09000032","E09000032","Wandsworth","Unitary",306995,3426.29,NA,NA,"18",NA,"222",NA,NA,NA,NA,NA,NA,NA,NA,NA,NA,NA,NA
"England","E06000007","E06000007","Warrington","Unitary",202228,18065.39,NA,NA,"44",NA,"65",NA,NA,NA,NA,NA,NA,NA,NA,NA,NA,NA,NA
"England","E07000222","E07000222","Warwick","District",137648,28288.3,"Warwickshire",0.323886029991364,NA,"38",NA,NA,NA,NA,"financial",NA,NA,NA,NA,NA,NA,NA,424989
"England","E07000103","E07000103","Watford","District",90301,2142.48,"Hertfordshire",0.0809103795308863,NA,NA,NA,NA,NA,NA,NA,NA,NA,NA,NA,NA,NA,NA,1116062
"England","E07000206","E07000206","Waveney","District",115254,36968.26,"Suffolk",0.158280494889194,"0",NA,"18",NA,NA,NA,NA,"0",NA,"18",NA,NA,NA,NA,728163
"England","E07000216","E07000216","Waverley","District",121572,34516.93,"Surrey",0.10735877215447,"0",NA,"174",NA,NA,NA,NA,"0",NA,"2",NA,NA,NA,NA,1132390
"England","E07000065","E07000065","Wealden","District",148915,83316.94,"East Sussex",0.282747673595091,NA,NA,"231","190",NA,NA,NA,NA,NA,"48",NA,"87",NA,NA,526671
"England","E07000156","E07000156","Wellingborough","District",75356,16303.94,"Northamptonshire",0.108903507757764,"8",NA,"55","35",NA,NA,NA,"8",NA,"55",NA,"35",NA,NA,691952
NA,"E07000104","E07000241","Welwyn Hatfield","District",110535,12955.42,"Hertfordshire",0.0990401966915817,NA,NA,NA,NA,NA,NA,NA,NA,NA,NA,NA,NA,NA,NA,NA
NA,"E06000037","E06000037","West Berkshire","Unitary ",153822,70416.82,"Berkshire",NA,NA,NA,NA,NA,NA,NA,NA,NA,NA,NA,NA,NA,NA,NA,NA
"England","E07000047","E07000047","West Devon","District",53553,115963.56,"Devon",0.0717484884090145,"1",NA,"9",NA,NA,NA,NA,"1",NA,"9",NA,NA,NA,NA,746399
"England","E07000052","E07000052","West Dorset","District",99264,108147.42,"Dorset",0.240403967014204,NA,NA,NA,NA,NA,NA,NA,"0",NA,"19",NA,NA,NA,NA,412905
"Scotland","S12000039","S12000039","West Dunbartonshire","LA",90720,15876,NA,NA,NA,NA,NA,NA,NA,NA,NA,NA,NA,NA,NA,NA,NA,NA,NA
"England","E07000127","E07000127","West Lancashire","District",110685,34678.96,"Lancashire",0.0944944204880056,NA,"17",NA,NA,NA,NA,NA,NA,"17",NA,NA,NA,NA,NA,1171339
"England","E07000142","E07000142","West Lindsey","District",89250,115571.73,"Lincolnshire",0.125060778837895,"1",NA,"25",NA,NA,NA,NA,"1",NA,"25",NA,NA,NA,NA,713653
"Scotland","S12000040","S12000040","West Lothian","LA",175118,42749,NA,NA,NA,NA,NA,NA,NA,NA,NA,NA,NA,NA,NA,NA,NA,NA,NA
NA,"E07000181","E07000181","West Oxfordshire","District",104779,71439.93,"Oxfordshire",0.196653591336499,NA,NA,NA,"51",NA,NA,NA,NA,NA,NA,NA,NA,NA,NA,NA
NA,"E07000191","E07000191","West Somerset","District",34675,72534.51,"Somerset",0.0654279848746726,NA,NA,NA,"79",NA,"2",NA,NA,NA,NA,NA,NA,NA,NA,NA
"England","E09000033","E09000033","Westminster","Unitary",219396,2147.78,NA,NA,NA,NA,NA,NA,NA,NA,NA,NA,NA,NA,NA,NA,NA,NA,NA
"England","E07000053","E07000053","Weymouth and Portland","District",65167,4175.88,"Dorset",0.15782564996791,NA,NA,NA,NA,NA,NA,NA,"0",NA,"30",NA,NA,NA,NA,412905
"England","E08000010","E08000010","Wigan","Unitary",317849,18819.15,NA,NA,NA,NA,NA,NA,NA,NA,NA,NA,NA,NA,NA,NA,NA,NA,NA
NA,"E06000054","E06000054","Wiltshire","Unitary ",470981,325534.12,"Wiltshire",NA,NA,NA,NA,NA,NA,NA,NA,NA,NA,NA,NA,NA,NA,NA,NA
"England","E07000094","E07000094","Winchester","District",116595,66097.46,"Hampshire",0.0884778128196645,"2",NA,"31","128",NA,"2",NA,"2",NA,"21",NA,"35",NA,"0",1317788
NA,"E06000040","E06000040","Windsor and Maidenhead","Unitary ",144560,19650.96,"Berkshire",NA,NA,NA,NA,NA,NA,NA,NA,NA,NA,NA,NA,NA,NA,NA,NA
"England","E08000015","E08000015","Wirral","Unitary",319783,15704.94,NA,NA,NA,NA,"448",NA,NA,NA,NA,NA,NA,NA,NA,NA,NA,NA,NA
"England","E07000217","E07000217","Woking","District",99198,6359.57,"Surrey",0.0876005616439566,NA,NA,NA,NA,NA,NA,NA,NA,NA,"11",NA,NA,NA,NA,1132390
NA,"E06000041","E06000041","Wokingham","Unitary ",154380,17897.92,"Berkshire",NA,NA,NA,NA,NA,NA,NA,NA,NA,NA,NA,NA,NA,NA,NA,NA
NA,"E08000031","E08000031","Wolverhampton","Unitary ",249470,6943.95,"West Midlands",NA,NA,NA,NA,NA,NA,NA,NA,NA,NA,NA,NA,NA,NA,NA,NA
"England","E07000237","E07000237","Worcester","District",98768,3327.91,"Worcestershire",0.1744496784529,NA,"34","121","74",NA,NA,NA,NA,NA,NA,NA,"73",NA,NA,566169
NA,"E07000229","E07000229","Worthing","District",104640,3248.21,"West Sussex",0.129682782825954,NA,NA,NA,NA,NA,NA,NA,NA,NA,NA,NA,NA,NA,NA,NA
"Wales","W06000006","W06000006","Wrexham","LA",134844,50377.45,NA,NA,"10",NA,"95",NA,NA,NA,NA,NA,NA,NA,NA,NA,NA,NA,NA
"England","E07000238","E07000238","Wychavon","District",116944,66354.12,"Worcestershire",0.206553166987242,"63",NA,NA,"74",NA,NA,NA,"63",NA,NA,NA,"73",NA,NA,566169
NA,"E07000007","E07000007","Wycombe","District",171644,32457.21,"Buckinghamshire",0.33969874308061,NA,NA,NA,NA,NA,NA,NA,NA,NA,NA,NA,NA,NA,NA,NA
"England","E07000128","E07000128","Wyre","District",107749,28255.43,"Lancashire",0.0919878873665096,NA,NA,NA,NA,NA,NA,NA,NA,NA,NA,NA,NA,NA,NA,1171339
"England","E07000239","E07000239","Wyre Forest","District",97975,19540.66,"Worcestershire",0.17304903659508,NA,NA,NA,"74",NA,NA,NA,NA,NA,NA,NA,"73",NA,NA,566169
"England","E06000014","E06000014","York","Unitary",198051,27193.63,NA,NA,NA,NA,NA,NA,"1660",NA,NA,NA,NA,NA,NA,NA,NA,NA,NA
