,,Presenting 2010,Presenting 2011,Presenting 2012,Presenting 2013,Total,HS and refer CC 2010,HS and refer CC 2011,HS and refer CC 2012,HS and refer CC 2013,Total,Presented and assessed at CC 2010,Presented and assessed at CC 2011,Presented and assessed at CC 2012,Presented and assessed at CC 2013,Total,Joint 2010,Joint 2011,Joint 2012,Joint 2013,Total,HS and no refer 2010,HS and no refer 2011,HS and no refer 2012,HS and no refer 2013,Total,,,,,,,,
County,Buckinghamshire CC,,,,,0,,,,,,,,,,,,,,,,,,,,,,,,,,,,
District,South Bucks,\,\,\,\,\,\,\,\,\,\,,,,,,\,\,\,\,\,\,\,\,\,\,,,,,,,,
District,Chiltern,\,\,0,1,1,\,\,0,1,1,,,,,,\,\,0,0,0,\,\,0,0,0,,,,,,,,
District,Wycombe,\,\,\,3,3,\,\,\,0,0,,,,,,\,\,\,3,3,\,\,\,0,0,,,,,,,,
District,Aylesbury Vale,,,,,0,,,,,,,,,,,,,,,,,,,,,,,,,,,,
County,Cambridgeshire CC,\,\,\,\,0,\,\,\,\,0,\,\,\,\,0,\,\,\,\,0,,,,,,,,,,,,,
District,Cambridge,3,2,\,5,10,\,\,\,2,2,,,,,,1,\,\,3,4,2,2,\,\,4,,,,,,,,
District,South Cambridgeshire,6,6,2,2,16,1,0,1,0,,,,,,,0,0,0,0,0,4,5,1,0,,,,,,,,,
District,Huntingdonshire,,,,,0,,,,,,,,,,,,,,,,,,,,,,,,,,,,
District,Fenland,0,0,1,0,1,\,\,\,\,1,,,,,,\,\,\,\,0,\,\,\,\,0,,,,,,,,
District,East Cambridgeshire,1,3,5,3,12,0,2,4,5,11,,,,,,0,0,0,0,0,\,\,\,\,\,,,,,,,,
County,Cumbria CC,13,8,4,7,32,61,66,22,50,,35,24,15,32,,\,\,\,\,,,,,,,,,,,,,,
District,Barrow-in-Furness,22,9,7,2,40,8,6,2,1,17,,,,,,7,2,4,1,14,7,1,1,0,9,,,,,,,,
District,South Lakeland,,,,,0,,,,,,,,,,,,,,,,,,,,,,,,,,,,
District,Copeland,0,0,0,2,2,0,0,0,2,2,,,,,,0,0,0,0,0,0,0,0,0,0,,,,,,,,
District,Allerdale,36,29,17,16,98,36,29,17,16,,,,,,,0,0,0,0,,0,0,0,0,,,,,,,,,
District,Eden,1,3,0,0,4,1,0,0,0,,,,,,,0,3,0,0,,0,0,0,0,0,,,,,,,,
District,Carlisle,66,80,46,48,240,18,32,26,24,,,,,,,19,23,24,23,,47,48,20,24,,,,,,,,,
County,Derbyshire CC,11,9,<5,13,33,\,\,\,\,,9,9,<5,11,,\,\,\,\,,,,,,,,,,,,,,
District,High Peak,,,,,0,,,,,,,,,,,,,,,,,,,,,,,,,,,,
District,Derbyshire Dales,0,0,0,0,0,0,0,0,0,0,,,,,,0,0,0,0,0,0,0,0,0,0,,,,,,,,
District,South Derbyshire,\,\,\,\,0,\,\,\,\,0,,,,,,\,\,\,\,0,\,\,\,\,0,,,,,,,,
District,Erewash,\,\,62,56,118,0,0,0,0,0,,,,,,\,\,\,\,,0,0,0,0,0,,,,,,,,
District,Amber Valley,9,5,2,1,17,1,1,0,1,,,,,,,0,0,0,0,0,3,6,5,0,,,,,,,,,
District,North East Derbyshire,,,,,0,,,,,,,,,,,,,,,,,,,,,,,,,,,,
District,Chesterfield,,,,,0,,,,,,,,,,,,,,,,,,,,,,,,,,,,
District,Bolsover,0,0,0,0,0,0,0,0,0,0,,,,,,0,0,0,0,0,0,0,0,0,0,,,,,,,,
County,Devon CC,,,,,0,,,,,,,,,,,,,,,,,,,,,,,,,,,,
District,Exeter,90,95,63,31,279,0,0,0,0,0,,,,,,90,95,63,31,279,0,0,0,0,0,,,,,,,,
District,East Devon,,,,,0,,,,,,,,,,,,,,,,,,,,,,,,,,,,
District,Mid Devon,,,,,0,,,,,,,,,,,,,,,,,,,,,,,,,,,,
District,North Devon,0,2,5,2,9,0,1,4,0,,,,,,,0,0,0,0,0,0,1,1,2,,,,,,,,,
District,Torridge,6,11,17,10,43,\,\,\,\,,,,,,,6,11,17,10,44,\,\,\,\,0,,,,,,,,
District,West Devon,19,11,12,17,59,3,5,4,2,14,,,,,,5,1,3,3,12,11,5,5,12,33,,,,,,,,
District,South Hams,21,23,7,7,58,10,8,3,2,23,,,,,,3,2,0,0,5,8,13,4,5,30,,,,,,,,
District,Teignbridge,,,,,0,,,,,,,,,,,,,,,,,,,,,,,,,,,,
County,Dorset CC,\,\,\,\,\,\,\,\,\,\,\,\,\,\,\,\,\,\,\,\,\,\,\,\,\,,,,,,,,
District,Weymouth and Portland,\,\,\,\,0,\,\,\,\,\,,,,,,\,\,\,\,\,\,\,\,\,\,,,,,,,,
District,West Dorset,,,,,0,,,,,,,,,,,,,,,,,,,,,,,,,,,,
District,North Dorset,,,,,0,,,,,,,,,,,,,,,,,,,,,,,,,,,,
District,Purbeck,7,14,12,7,40,3,5,9,7,,,,,,,0,0,0,0,0,7,3,3,6,,,,,,,,,
District,East Dorset,,,,,0,,,,,,,,,,,,,,,,,,,,,,,,,,,,
District,Christchurch,,,,,0,,,,,,,,,,,,,,,,,,,,,,,,,,,,
County,East Sussex CC,425,342,265,275,1307,0,0,0,0,0,0,0,0,0,0,268,143,166,171,0,,,,,,,,,,,,,
District,Hastings,,,,,0,,,,,,,,,,,,,,,,,,,,,,,,,,,,
District,Rother,\,\,\,\,0,\,\,\,\,0,,,,,,\,\,\,\,,\,\,\,\,0,,,,,,,,
District,Wealden,,,,,0,,,,,,,,,,,,,,,,,,,,,,,,,,,,
District,Eastbourne,,,,,0,,,,,,,,,,,,,,,,,,,,,,,,,,,,
District,Lewes,,,,,0,,,,,,,,,,,,,,,,,,,,,,,,,,,,
County,Essex CC,\,\,\,\,0,\,\,\,\,,\,\,\,\,0,\,\,\,\,0,,,,,,,,,,,,,
District,Harlow,\,14,16,9,39,\,\,\,\,0,,,,,,\,\,\,29,,\,\,\,0,,,,,,,,,
District,Epping Forest,\,\,\,\,0,\,\,\,\,,,,,,,\,\,\,\,,\,\,\,\,,,,,,,,,
District,Brentwood,\,\,\,\,10,\,\,\,\,3,,,,,,\,\,\,\,2,\,\,\,\,5,,,,,,,,
District,Basildon,\,\,\,\,0,\,\,\,\,0,,,,,,24,24,21,11,,\,\,\,\,0,,,,,,,,
District,Castle Point,8,15,13,9,45,8,0,0,0,8,,,,,,0,14,12,9,35,0,1,1,0,2,,,,,,,,
District,Rochford,\,\,\,\,24,\,\,\,\,3,,,,,,\,\,\,\,18,\,\,\,\,3,,,,,,,,
District,Maldon,1,1,0,0,2,0,0,0,0,0,,,,,,0,0,0,0,0,1,1,0,0,2,,,,,,,,
District,Chelmsford,29,15,31,33,108,0,0,0,0,0,,,,,,29,15,31,33,108,0,0,0,0,0,,,,,,,,
District,Uttlesford,,,,,0,,,,,,,,,,,,,,,,,,,,,,,,,,,,
District,Braintree,23,10,11,15,59,\,\,\,\,0,,,,,,36,10,10,8,,0,0,0,0,0,,,,,,,,
District,Colchester,\,\,\,\,298,\,\,\,\,0,\,\,\,\,0,,,,,,,,,,,,,,,,,,
District,Tendring,\,\,\,\,0,34,13,14,20,,,,,,,1,6,7,6,,96,69,48,41,,,,,,,,,
County,Gloucestershire CC,112,88,112,122,434,68,49,75,69,,<10,49,187,184,,\,\,\,\,0,,,,,,,,,,,,,
District,Gloucester,\,51,63,43,157,\,51,63,43,157,,,,,,0,0,0,0,0,0,0,0,0,0,,,,,,,,
District,Tewkesbury,,,,,0,,,,,,,,,,,,,,,,,,,,,,,,,,,,
District,Cheltenham,\,\,\,\,0,40,40,35,17,132,,,,,,0,0,0,0,0,\,\,\,\,\,,,,,,,,
District,Cotswold,6,4,2,0,12,5,3,2,0,10,,,,,,1,0,0,0,1,0,1,0,0,1,,,,,,,,
District,Stroud,4,2,2,2,10,4,2,2,2,10,,,,,,0,0,0,0,0,0,0,0,0,0,,,,,,,,
District,Forest of Dean,\,\,\,\,0,2,0,2,1,,,,,,,0,0,0,0,,3,0,2,0,,,,,,,,,
County,Hampshire CC,\,\,51,92,143,\,\,\,\,,26,103,67,67,,\,\,\,\,29,,,,,,,,,,,,,
District,Gosport,36,33,14,37,120,36,33,14,37,120,,,,,,0,0,0,0,0,0,0,0,0,0,,,,,,,,
District,Fareham,13,11,8,6,38,6,4,4,4,,,,,,,0,0,0,0,0,7,7,4,2,,,,,,,,,
District,Winchester,,,,,0,,,,,,,,,,,,,,,,,,,,,,,,,,,,
District,Havant,,,,,0,,,,,,,,,,,,,,,,,,,,,,,,,,,,
District,East Hampshire,19,16,18,17,70,19,16,18,17,,0,0,0,0,0,,,,,,0,0,0,0,0,,,,,,,,
District,Hart,15,19,7,5,46,15,19,7,5,,,,,,,0,0,0,0,0,0,0,0,0,0,,,,,,,,
District,Rushmoor,0,1,0,0,1,0,0,0,0,0,,,,,,0,1,0,0,1,0,0,0,0,0,,,,,,,,
District,Basingstoke and Deane,\,\,\,73,73,\,\,\,27,,,,,,,\,\,\,46,,\,\,\,0,0,,,,,,,,
District,Test Valley,0,1,4,2,7,0,0,2,0,2,,,,,,0,0,0,0,0,0,1,2,2,5,,,,,,,,
District,Eastleigh,13,7,5,4,29,,,,,,,,,,,,,,,,,,,,,,,,,,,,
District,New Forest,\,\,\,\,0,\,\,\,\,0,,,,,,\,\,\,\,0,2,5,5,11,23,,,,,,,,
County,Hertfordshire CC,\,\,\,\,0,\,\,\,\,0,\,\,\,\,0,\,\,\,\,0,,,,,,,,,,,,,
District,Three Rivers,,,,,0,,,,,,,,,,,,,,,,,,,,,,,,,,,,
District,Watford,,,,,0,,,,,,,,,,,,,,,,,,,,,,,,,,,,
District,Hertsmere,\,\,\,\,\,\,\,\,\,\,,,,,,\,\,\,\,\,\,\,\,\,\,,,,,,,,
District,Welwyn Hatfield,\,\,\,\,0,\,\,\,\,0,,,,,,\,\,\,\,0,\,\,\,\,0,,,,,,,,
District,Broxbourne,0,9,14,2,25,\,\,\,\,\,,,,,,\,\,\,\,\,\,\,\,\,\,,,,,,,,
District,East Hertfordshire,5,6,1,2,14,0,0,0,0,0,,,,,,5,6,1,2,14,0,0,0,0,0,,,,,,,,
District,Stevenage,,,,,0,,,,,,,,,,,,,,,,,,,,,,,,,,,,
District,North Hertfordshire,\,\,\,\,0,\,\,\,\,,,,,,,\,\,\,\,,\,\,\,\,,,,,,,,,
District,St Albans,\,\,\,\,0,\,\,\,\,\,\,\,\,\,\,\,\,\,\,\,\,\,\,\,\,,,,,,,,
District,Dacorum,\,\,16,15,31,\,\,\,\,0,,,,,,\,\,\,\,0,\,\,\,\,0,,,,,,,,
County,Kent CC,77,68,44,36,225,105,153,105,55,,126,207,138,80,,\,\,\,\,0,,,,,,,,,,,,,
District,Dartford,,,,,0,,,,,,,,,,,,,,,,,,,,,,,,,,,,
District,Gravesham,,,,,0,,,,,,,,,,,,,,,,,,,,,,,,,,,,
District,Sevenoaks,\,\,\,\,0,\,\,\,\,,,,,,,\,\,\,\,,\,\,\,\,,,,,,,,,
District,Tonbridge and Malling,63,54,6,1,124,\,\,\,\,\,,,,,,\,\,\,\,\,\,\,\,\,\,,,,,,,,
District,Tunbridge Wells,\,55,11,12,78,\,\,2,1,,,,,,,\,\,2,2,,\,\,7,10,,,,,,,,,
District,Maidstone,\,\,\,\,0,\,\,\,\,,,,,,,\,\,\,\,0,\,\,\,\,0,,,,,,,,
District,Swale,\,\,\,\,53,\,\,\,\,0,,,,,,\,\,\,\,53,\,\,\,\,0,,,,,,,,
District,Ashford,36,48,20,28,132,0,0,0,0,0,,,,,,36,48,20,28,132,0,0,0,0,0,,,,,,,,
District,Shepway,55,67,74,18,214,0,0,0,0,0,,,,,,55,67,74,18,,0,0,0,0,,,,,,,,,
District,Canterbury,5,3,2,1,11,5,3,2,1,11,,,,,,0,0,0,0,0,0,0,0,0,0,,,,,,,,
District,Dover,64,16,46,26,152,0,0,0,0,0,,,,,,64,16,46,23,,0,0,0,0,0,,,,,,,,
District,Thanet,\,\,\,\,0,\,\,\,\,,,,,,,4,23,14,16,,\,\,\,\,,,,,,,,,
County,Lancashire CC,\,40,45,35,120,\,17,15,7,,\,41,41,32,,\,\,\,\,0,,,,,,,,,,,,,
District,West Lancashire,3,5,9,4,21,1,3,6,0,10,,,,,,0,0,0,0,0,2,2,3,4,11,,,,,,,,
District,Chorley,2,12,8,5,27,\,\,\,\,0,,,,,,\,\,\,\,0,\,\,\,\,0,,,,,,,,
District,South Ribble,11,11,10,12,44,8,11,10,11,,,,,,,2,0,0,1,,1,0,0,0,,,,,,,,,
District,Fylde,3,9,5,1,18,3,9,5,1,18,,,,,,0,0,0,0,0,0,0,0,0,0,,,,,,,,
District,Preston,14,12,7,7,40,12,11,6,7,36,,,,,,0,0,0,0,0,2,1,1,0,4,,,,,,,,
District,Wyre,48,64,44,57,213,0,0,44,57,101,0,0,0,0,0,48,64,0,0,112,1,7,15,1,24,,,,,,,,
District,Lancaster,\,38,52,35,125,\,25,39,29,,,,,,,\,0,0,0,,\,8,10,2,,,,,,,,,
District,Ribble Valley,10,13,15,15,53,3,2,1,0,,,,,,,0,0,0,0,0,0,0,0,0,0,,,,,,,,
District,Pendle,10,37,37,35,119,\,\,\,\,0,,,,,,0,0,0,0,0,\,\,\,\,0,,,,,,,,
District,Burnley,35,44,42,,38,\,\,\,\,\,,,,,,\,\,\,\,\,\,\,\,\,\,,,,,,,,
District,Rossendale,30,35,22,18,105,30,35,22,18,,,,,,,0,0,0,0,0,0,0,0,0,0,,,,,,,,
District,Hyndburn,9,7,18,3,37,\,\,\,\,18,,,,,,0,0,0,0,0,\,\,\,\,19,,,,,,,,
County,Leicestershire CC,\,\,\,\,19,,,,,15,\,\,\,\,25,\,\,\,\,,,,,,,,,,,,,,
District,Charnwood,\,\,\,\,0,\,\,\,\,,,,,,,\,\,\,\,0,\,\,\,\,0,,,,,,,,
District,Melton,2,3,8,3,16,2,2,6,3,13,,,,,,0,1,1,0,2,1,1,2,0,4,,,,,,,,
District,Harborough,27,12,12,5,56,6,3,3,2,,,,,,,0,0,0,0,,21,9,9,3,,,,,,,,,
District,Oadby and Wigston,\,\,\,\,0,\,\,\,\,\,,,,,,\,\,\,\,\,\,\,\,\,\,,,,,,,,
District,Blaby,11,7,14,8,40,\,\,8,2,0,,,,,,0,0,0,0,0,\,\,6,6,,,,,,,,,
District,Hinckley and Bosworth,4,2,15,11,32,1,0,9,7,17,,,,,,0,0,0,0,0,3,2,6,4,15,,,,,,,,
District,North West Leicerstershire,7,7,10,2,26,7,7,10,2,26,,,,,,0,0,0,0,0,0,0,0,0,0,,,,,,,,
County,Lincolnshire CC,,,,,0,,,,,,,,,,,,,,,,,,,,,,,,,,,,
District,Lincoln,\,\,\,\,\,\,\,\,\,\,,,,,,\,\,\,\,\,\,\,\,\,\,,,,,,,,
District,North Kesteven,2,6,0,6,14,0,0,0,1,,,,,,,2,6,0,2,,0,0,0,3,,,,,,,,,
District,South Kesteven,61,60,57,57,235,6,9,4,4,,,,,,,7,11,19,23,,34,32,25,26,,,,,,,,,
District,South Holland,,,,,0,,,,,,,,,,,,,,,,,,,,,,,,,,,,
District,Boston,10,14,11,13,48,0,1,0,0,,,,,,,5,13,11,12,,5,0,0,1,,,,,,,,,
District,East Lindsey,37,41,39,41,158,0,0,0,0,0,,,,,,37,41,39,41,,0,0,0,0,0,,,,,,,,
District,West Lindsey,\,\,\,\,0,\,\,\,\,0,,,,,,\,\,\,\,0,\,\,\,\,0,,,,,,,,
County,Norfolk CC,,,,,0,,,,,,,,,,,,,,,,,,,,,,,,,,,,
District,Norwich,,,,,0,,,,,,,,,,,,,,,,,,,,,,,,,,,,
District,South Norfolk,\,1,0,1,2,\,\,\,\,1,,,,,,\,\,\,\,1,\,\,\,\,0,,,,,,,,
District,Great Yarmouth,\,\,\,\,0,\,\,\,\,23,,,,,,\,\,\,\,12,0,0,0,0,0,,,,,,,,
District,Broadland,\,\,\,\,\,\,\,\,\,\,,,,,,\,\,\,\,\,\,\,\,\,\,,,,,,,,
District,North Norfolk,21,5,3,4,33,,,,,23,,,,,,,,,,,,,,,10,,,,,,,,
District,King's Lynn and West Norfolk,73,49,37,40,199,4,9,5,8,,,,,,,0,0,0,0,0,69,40,5,32,,,,,,,,,
District,Breckland,\,31,10,15,56,\,\,\,\,0,,,,,,\,\,\,\,0,\,\,\,\,0,,,,,,,,
County,Northamptonshire CC,\,\,155,85,240,\,1,31,14,,\,\,103,53,,\,\,\,\,0,,,,,,,,,,,,,
District,South Northamptonshire,1,2,2,1,6,1,2,2,1,6,,,,,,0,0,0,0,0,0,0,0,0,0,,,,,,,,
District,Northampton,\,\,\,\,0,\,\,\,\,\,,,,,,\,\,\,\,\,\,\,\,\,\,,,,,,,,
District,Daventry,0,0,2,3,5,\,\,\,\,5,,,,,,0,0,0,0,0,0,0,0,0,0,,,,,,,,
District,Wellingborough,\,\,10,7,17,\,\,10,7,,,,,,,\,\,\,1,,\,\,\,\,,,,,,,,,
District,Kettering,\,15,15,15,45,\,15,15,15,,,,,,,\,0,0,0,,\,0,0,0,,,,,,,,,
District,Corby,8,10,5,9,32,7,10,4,8,,,,,,,0,0,0,0,0,1,0,1,1,,,,,,,,,
District,East Northamptonshire,3,7,9,5,24,0,1,2,3,,,,,,,0,2,3,0,,3,4,4,2,,,,,,,,,
County,North Yorkshire CC,\,\,\,\,450,\,\,\,\,0,\,\,\,\,0,\,\,\,\,0,,,,,,,,,,,,,
District,Selby,23,6,28,9,66,0,0,0,0,0,,,,,,23,6,28,9,66,0,0,0,0,0,,,,,,,,
District,Harrogate,\,\,35,87,122,\,\,35,87,,,,,,,\,\,\,\,,0,0,0,0,0,,,,,,,,
District,Craven,9,10,12,11,42,0,0,8,5,,,,,,,8,6,0,0,,1,4,4,6,,,,,,,,,
District,Richmondshire,16,12,19,20,67,13,12,19,20,,,,,,,13,12,19,20,,3,0,0,0,,,,,,,,,
District,Hambleton,4,2,3,4,13,2,1,2,2,7,,,,,,2,1,1,2,6,0,0,0,0,0,,,,,,,,
District,Ryedale,32,36,47,36,151,0,0,0,0,0,,,,,,32,36,47,36,151,0,0,0,0,0,,,,,,,,
District,Scarborough,4,4,2,1,11,1,0,0,0,,,,,,,2,3,2,1,,1,1,0,0,,,,,,,,,
County,Nottinghamshire CC,\,\,\,528,528,\,\,\,\,\,\,\,\,\,\,\,\,\,528,528,\,\,\,\,\,,,,,,,,
District,Rushcliffe,,,0,0,0,,,0,0,0,,,,,,,,0,0,0,,,0,0,0,,,,,,,,
District,Broxtowe,6,7,4,3,20,5,4,3,3,15,,,,,,0,1,0,0,1,1,2,1,0,4,,,,,,,,
District,Ashfield,\,\,\,\,\,\,\,\,\,\,,,,,,\,\,\,\,\,\,\,\,\,\,,,,,,,,
District,Gedling,\,\,\,\,0,\,\,\,\,,,,,,,\,\,\,\,,\,\,\,\,,,,,,,,,
District,Newark and Sherwood,\,3,3,4,10,\,1,0,0,1,,,,,,\,0,0,0,0,\,2,3,4,9,,,,,,,,
District,Mansfield,46,23,18,25,112,46,23,18,25,,,,,,,0,0,0,0,0,0,0,0,0,0,,,,,,,,
District,Bassetlaw,7,10,1,0,18,7,10,1,0,,,,,,,0,0,0,0,0,0,0,0,0,0,,,,,,,,
County,Oxfordshire CC,159,136,152,89,536,\,\,\,\,\,\,\,\,\,\,70,82,67,35,254,,,,,,,,,,,,,
District,Oxford,8,1,0,0,9,\,\,\,\,\,,,,,,8,1,0,0,9,\,\,\,\,\,,,,,,,,
District,Cherwell,\,\,\,\,\,\,\,\,\,\,,,,,,\,\,\,\,\,\,\,\,\,\,,,,,,,,
District,South Oxfordshire,0,0,0,0,0,\,\,\,\,\,,,,,,\,\,\,\,\,\,\,\,\,\,,,,,,,,
District,Vale of the White Horse,2,0,0,1,3,0,0,0,0,0,,,,,,2,0,0,1,3,0,0,0,0,0,,,,,,,,
District,West Oxfordshire,28,36,26,34,124,0,0,0,0,0,,,,,,28,36,26,34,124,0,0,0,0,0,,,,,,,,
County,Somerset CC,34,143,96,82,355,\,\,\,\,0,\,\,\,\,0,\,\,\,\,0,,,,,,,,,,,,,
District,South Somerset,0,0,0,0,0,0,0,0,0,0,,,,,,0,0,0,0,0,0,0,0,0,0,,,,,,,,
District,Taunton Deane,\,\,\,\,0,\,\,\,\,0,,,,,,\,\,\,\,0,\,\,\,\,0,,,,,,,,
District,West Somerset,9,4,2,1,16,,,,,,,,,,,,,,,,,,,,,,,,,,,,
District,Sedgemoor,17,15,3,1,36,\,\,\,\,\,,,,,,\,\,\,\,\,\,\,\,\,\,,,,,,,,
District,Mendip,13,5,9,12,39,\,\,\,\,\,,,,,,\,\,\,\,\,\,\,\,\,\,,,,,,,,
County,Staffordshire CC,,,,,,,,,,,,,,,,,,,,,,,,,,,,,,,,,
District,Tamworth,94,70,28,16,208,47,35,14,8,104,,,,,,20,25,14,8,67,27,10,0,0,37,,,,,,,,
District,Lichfield,38,48,26,27,139,0,1,0,0,1,,,,,,0,0,0,0,0,38,47,26,27,138,,,,,,,,
District,Cannock Chase,,,,,0,,,,,,,,,,,,,,,,,,,,,,,,,,,,
District,South Staffordshire,,,,,0,,,,,,,,,,,,,,,,,,,,,,,,,,,,
District,Stafford,5,3,4,1,13,\,\,\,\,,,,,,,\,\,\,\,,\,\,\,\,,,,,,,,,
District,Newcastle-under-Lyme,5,1,4,2,12,3,1,4,1,9,,,,,,,,,,,2,0,0,1,3,,,,,,,,
District,Staffordshire Moorlands,3,3,4,1,11,3,3,4,1,11,,,,,,0,0,0,0,0,0,0,0,0,0,,,,,,,,
District,East Staffordshire,52,73,50,34,209,\,\,\,\,0,,,,,,0,0,0,0,0,\,\,\,\,0,,,,,,,,
County,Suffolk CC,\,\,\,\,\,\,\,\,\,\,\,\,\,\,\,\,\,\,\,\,\,\,\,\,\,,,,,,,,
District,Ipswich,8,4,0,2,14,\,\,\,\,\,,,,,,0,0,0,0,0,\,\,\,\,\,,,,,,,,
District,Suffolk Coastal,36,21,35,7,99,0,0,0,0,0,,,,,,36,21,35,7,99,0,0,0,0,0,,,,,,,,
District,Waveney,17,8,18,46,89,\,\,\,\,\,,,,,,\,\,\,\,\,\,\,\,\,\,,,,,,,,
District,Mid Suffolk,,,,,0,,,,,,,,,,,,,,,,,,,,,,,,,,,,
District,Babergh,\,\,\,\,0,\,\,\,\,0,,,,,,\,\,\,\,0,\,\,\,\,0,,,,,,,,
District,St Edmundsbury,,,,,0,,,,,,,,,,,,,,,,,,,,,,,,,,,,
District,Forest Heath,,,,,0,,,,,,,,,,,,,,,,,,,,,,,,,,,,
County,Surrey CC,,,,,0,,,,,,,,,,,,,,,,,,,,,,,,,,,,
District,Spelthorne,,,,,0,,,,,,,,,,,,,,,,,,,,,,,,,,,,
District,Runnymede,25,20,26,9,80,0,0,0,0,0,,,,,,19,13,18,6,56,0,0,0,0,0,,,,,,,,
District,Surrey Heath,3,6,0,0,9,2,4,0,0,6,,,,,,0,0,0,0,0,1,2,0,0,3,,,,,,,,
District,Woking,29,29,20,13,91,6,11,5,4,,,,,,,13,7,10,7,,10,11,5,2,,,,,,,,,
District,Elmbridge,,,,,0,,,,,,,,,,,,,,,,,,,,,,,,,,,,
District,Guildford,66,43,29,16,154,\,\,\,\,\,,,,,,\,\,\,\,\,\,\,\,\,\,,,,,,,,
District,Waverley,\,\,\,\,0,1,1,0,0,,,,,,,\,\,\,\,,\,\,\,\,,,,,,,,,
District,Mole Valley,5,1,1,0,7,5,1,1,0,7,,,,,,5,1,1,0,7,0,0,0,0,0,,,,,,,,
District,Epsom and Erwell,,,,,0,,,,,,,,,,,,,,,,,,,,,,,,,,,,
District,Reigate and Banstead,,,,,0,,,,,,,,,,,,,,,,,,,,,,,,,,,,
District,Tandridge,\,\,\,\,0,\,\,\,\,0,,,,,,\,\,\,\,0,\,\,\,\,0,,,,,,,,
County,Warwickshire CC,,,,,0,,,,,,,,,,,,,,,,,,,,,,,,,,,,
District,North Warwickshire,\,4,3,2,9,\,0,0,0,0,,,,,,\,4,3,2,,\,0,0,0,,,,,,,,,
District,Nuneaton and Bedworth,\,26,45,32,103,\,0,0,0,0,,,,,,\,26,45,32,,\,0,0,0,0,,,,,,,,
District,Rugby,\,\,\,\,\,\,\,\,\,\,,,,,,\,\,\,\,\,\,\,\,\,\,,,,,,,,
District,Stratford-on-Avon,,,,,0,,,,,,,,,,,,,,,,,,,,,,,,,,,,
District,Warwick,2,5,1,1,9,2,5,1,1,,,,,,,2,5,1,1,,0,0,0,0,,,,,,,,,
District,West Sussex CC,\,255,357,267,879,\,\,\,\,0,\,\,\,\,0,\,140,166,115,,,,,,,,,,,,,,
District,Worthing,\,\,\,\,\,\,\,\,\,\,,,,,,\,\,\,\,\,\,\,\,\,\,,,,,,,,
District,Arun,\,\,57,58,115,\,\,57,58,115,,,,,,\,\,0,0,0,\,\,0,0,0,,,,,,,,
District,Chichester,5,7,2,2,16,0,0,0,0,0,,,,,,2,3,1,1,,3,4,1,1,,,,,,,,,
District,Horsham,0,0,0,0,0,0,0,0,0,0,,,,,,0,0,0,0,0,0,0,0,0,0,,,,,,,,
District,Crawley,\,\,\,\,0,\,\,\,\,0,,,,,,\,\,\,\,,\,\,\,\,,,,,,,,,
District,Mid Sussex,35,28,12,15,90,4,\,\,\,,,,,,,19,\,\,\,,12,\,\,\,,,,,,,,,
District,Adur,\,\,\,\,\,\,\,\,\,\,,,,,,\,\,\,\,\,\,\,\,\,\,,,,,,,,
County,Worcestershire CC,106,140,180,109,535,0,1,1,0,2,106,140,180,109,535,0,0,0,0,0,\,\,\,\,\,,,,,,,,
District,Worcester,\,111,110,61,282,\,7,4,1,,,,,,,\,\,\,\,,\,\,\,\,,,,,,,,,
District,Malvern Hills,,,,,0,,,,,,,,,,,,,,,,,,,,,,,,,,,,
District,Wyre Forest,,,,,0,,,,,,,,,,,,,,,,1,7,5,1,,,,,,,,,
District,Bromsgrove,\,\,\,\,0,\,\,\,\,,,,,,,\,\,\,\,,\,\,\,\,,,,,,,,,
District,Redditch,5,8,4,6,23,5,8,4,6,23,,,,,,0,0,0,0,0,0,0,0,0,0,,,,,,,,
District,Wychavon,48,42,39,28,157,16,19,18,9,62,,,,,,0,0,0,0,0,32,23,21,19,95,,,,,,,,
Unitary ,Barking and Dagenham LB,\,\,\,\,0,,,,,39,\,\,\,\,0,0,0,0,0,0,,,,,,,,,,,,,
Unitary ,Barnet LB,82,129,143,128,482,0,0,0,0,,0,0,0,0,,41,29,27,22,,,,,,,,,,,,,,
Unitary ,Bexley LB,105,34,35,51,225,0,0,0,0,0,105,34,35,51,,0,0,0,0,0,,,,,,,,,,,,,
Unitary ,Brent LB,\,\,\,46,46,\,\,\,\,0,\,\,\,\,0,\,\,\,\,0,,,,,,,,,,,,,
Unitary ,Bromley LB,181,150,128,119,578,\,\,\,\,0,\,\,\,\,0,2,31,7,27,,,,,,,,,,,,,,
Unitary ,Camden LB,,,,,0,,,,,,,,,,,,,,,,,,,,,,,,,,,,
Unitary ,City of London LB,,,,,0,,,,,,,,,,,,,,,,,,,,,,,,,,,,
Unitary ,Croydon LB,420,487,712,612,2231,,,,,,,,,,,420,487,712,612,,,,,,,,,,,,,,
Unitary ,Ealing LB,,,,,0,,,,,,,,,,,,,,,,,,,,,,,,,,,,
Unitary ,Enfield LB,\,\,194,130,324,\,\,0,0,0,\,\,0,0,0,\,\,194,130,,,,,,,,,,,,,,
Unitary ,Greenwich LB,221,224,195,135,775,0,0,0,0,0,0,0,0,0,0,221,224,195,135,775,0,0,0,0,0,,,,,,,,
Unitary ,Hackney LB,,,,,0,,,,,,,,,,,,,,,,,,,,,,,,,,,,
Unitary ,Hammersmith and Fulham LB,,,,,0,,,,,,,,,,,,,,,,,,,,,,,,,,,,
Unitary ,Haringey LB,127,111,114,64,416,\,\,\,\,0,\,\,\,\,0,\,\,\,\,0,,,,,,,,,,,,,
Unitary ,Harrow LB,,,,,0,,,,,,,,,,,,,,,,,,,,,,,,,,,,
Unitary ,Havering LB,,,,,0,,,,,,,,,,,,,,,,,,,,,,,,,,,,
Unitary ,Hillingdon LB,\,\,\,\,0,\,\,\,\,0,\,\,\,\,0,\,\,\,\,0,,,,,,,,,,,,,
Unitary ,Hounslow LB,,,,,0,,,,,,,,,,,,,,,,,,,,,,,,,,,,
Unitary ,Islington LB,,,,,0,,,,,,,,,,,,,,,,,,,,,,,,,,,,
Unitary ,Kensington and Chelsea LB,\,\,\,\,0,\,\,\,\,0,\,\,\,\,0,\,\,\,\,0,,,,,,,,,,,,,
Unitary ,Kingston upon Thames LB,,,,,0,,,,,,,,,,,,,,,,,,,,,,,,,,,,
Unitary ,Lambeth LB,75,43,20,10,148,\,\,\,0,0,\,\,\,\,\,\,\,\,\,\,,,,,,,,,,,,,
Unitary ,Lewisham LB,,,,,0,,,,,,,,,,,,,,,,,,,,,,,,,,,,
Unitary ,Merton LB,,,,,0,,,,,,,,,,,,,,,,,,,,,,,,,,,,
Unitary ,Newham LB,,,,,0,,,,,,,,,,,,,,,,,,,,,,,,,,,,
Unitary ,Redbridge LB,,,,,0,,,,,,,,,,,,,,,,,,,,,,,,,,,,
Unitary ,Richmond upon Thames LB,,,,,0,,,,,,,,,,,,,,,,,,,,,,,,,,,,
Unitary ,Southwark LB,,,,,0,,,,,,,,,,,,,,,,,,,,,,,,,,,,
Unitary ,Sutton LB,,,,,0,,,,,,,,,,,,,,,,,,,,,,,,,,,,
Unitary ,Tower Hamlets LB ,154,140,150,73,517,\,\,\,\,0,19,42,36,73,,\,\,\,\,0,,,,,,,,,,,,,
Unitary ,Waltham Forest LB,,,,,0,,,,,,,,,,,,,,,,,,,,,,,,,,,,
Unitary ,Wandsworth LB,,,,,0,,,,,,,,,,,,,,,,,,,,,,,,,,,,
Unitary ,Westminster LB,\,\,\,\,0,\,\,\,\,0,\,\,\,\,0,\,\,\,\,0,,,,,,,,,,,,,
Unitary ,Bath and North East Somerset Council,9,13,5,1,28,\,\,\,\,0,\,\,\,\,0,\,\,\,\,0,,,,,,,,,,,,,
Unitary ,Bedford Borough Council,\,\,\,\,235,0,0,0,0,0,\,\,\,\,235,0,0,0,0,0,0,0,0,0,0,,,,,,,,
Unitary ,Blackburn with Darwen Borough Council,153,112,76,62,403,21,7,10,12,,0,3,4,6,,0,0,0,0,0,,,,,,,,,,,,,
Unitary ,Blackpool Council,,,,,0,,,,,,,,,,,,,,,,,,,,,,,,,,,,
Unitary ,Bournemouth Borough Council,,,,,0,,,,,,,,,,,,,,,,,,,,,,,,,,,,
Unitary ,Bracknell Forest Borough Council,,,,,0,,,,,,,,,,,,,,,,,,,,,,,,,,,,
Unitary ,Brighton and Hove City Council,,,,,0,,,,,,,,,,,,,,,,,,,,,,,,,,,,
Unitary ,Bristol City Council,98,62,80,51,291,\,\,\,\,\,98,62,80,51,291,0,0,0,0,0,0,0,0,0,0,,,,,,,,
Unitary ,Central Bedfordshire Council,83,78,120,185,466,10,7,7,9,,12,16,11,33,,10,7,7,9,,,,,,,,,,,,,,
Unitary ,Cheshire East Council,\,\,\,\,0,\,\,\,\,0,\,\,\,\,0,\,\,\,\,0,,,,,,,,,,,,,
Unitary ,Cheshire West and Chester Council,,,,,0,,,,,,,,,,,,,,,,,,,,,,,,,,,,
Unitary ,Cornwall Council,42,140,89,144,415,42,140,89,144,,\,\,\,\,0,\,\,\,\,0,,,,,,,,,,,,,
Unitary ,Durham County Council,222,210,195,152,779,\,\,\,\,0,\,\,\,\,0,74,82,57,36,249,,,,,,,,,,,,,
Unitary ,Darlington Borough Council,,,,,0,,,,,,,,,,,,,,,,,,,,,,,,,,,,
Unitary ,Derby City Council,,,,,0,2,6,9,7,,\,2,3,7,,\,2,2,2,,,,,,,,,,,,,,
Unitary ,East Riding of Yorkshire Council,20,11,15,6,52,\,\,\,\,0,\,\,\,\,0,\,\,\,\,0,,,,,,,,,,,,,
Unitary ,Halton Borough Council,9,8,7,2,26,0,0,0,0,0,,,,,,9,8,7,2,26,0,0,0,0,0,,,,,,,,
Unitary ,Hartlepool Borough Council,,,,,0,,,,,,,,,,,,,,,,,,,,,,,,,,,,
Unitary ,Herefordshire Council,\,\,\,\,\,\,\,\,\,\,\,\,\,\,\,\,\,\,\,\,\,\,\,\,\,,,,,,,,
Unitary ,Isle of Wight Council,,,,,0,,,,,,,,,,,,,,,,,,,,,,,,,,,,
Unitary ,Hull City Council,\,139,285,191,615,\,46,52,31,,\,\,\,\,0,\,\,\,\,0,,,,,,,,,,,,,
Unitary ,Leicester City Council,\,6,15,13,34,\,\,\,\,0,\,\,\,\,0,\,\,\,\,0,,,,,,,,,,,,,
Unitary ,Luton Borough Council,,,,,0,,,,,,,,,,,,,,,,,,,,,,,,,,,,
Unitary ,Medway Council,,,,,0,,,,,,,,,,,,,,,,,,,,,,,,,,,,
Unitary ,Middlesbrough Borough Council,45,64,49,89,247,15,14,22,25,,30,50,27,44,,0,0,0,0,0,,,,,,,,,,,,,
Unitary ,Milton Keynes Council,\,\,\,\,0,\,\,\,\,0,\,\,\,\,0,\,\,\,\,0,,,,,,,,,,,,,
Unitary ,North East Lincolnshire Council,,,,,0,,,,,,,,,,,,,,,,,,,,,,,,,,,,
Unitary ,North Lincolnshire Council,\,\,\,\,14,\,\,\,0,0,\,\,\,14,14,\,\,\,0,0,\,\,\,0,0,,,,,,,,
Unitary ,North Somerset Council,144,154,120,114,532,\,\,\,\,0,\,\,\,\,0,\,\,\,\,0,,,,,,,,,,,,,
Unitary ,Northumberland County Council,11,7,2,5,25,\,\,\,\,0,\,\,\,\,0,\,\,\,\,0,,,,,,,,,,,,,
Unitary ,Nottingham City Council,520,440,215,211,1386,\,\,\,\,0,\,\,\,\,0,\,\,\,\,0,,,,,,,,,,,,,
Unitary ,Peterborough City Council,123,55,45,25,248,123,55,0,0,,0,0,0,0,,0,0,45,25,,,,,,,,,,,,,,
Unitary ,Plymouth City Council,\,165,164,190,519,\,\,\,\,0,\,\,\,\,0,\,91,64,58,,,,,,,,,,,,,,
Unitary ,Poole Borough Council,\,\,\,76,76,\,\,\,\,\,\,\,\,\,\,\,\,\,42,42,\,\,\,\,\,,,,,,,,
Unitary ,Portsmouth City Council,49,47,42,22,160,\,\,\,0,0,\,\,\,0,0,\,\,\,22,22,,,,,,,,,,,,,
Unitary ,Reading Borough Council,,,,,0,,,,,,,,,,,,,,,,,,,,,,,,,,,,
Unitary ,Redcar and Cleveland Borough Council,71,61,42,28,202,\,\,\,\,0,\,\,\,\,0,\,\,\,\,0,,,,,,,,,,,,,
Unitary ,Rutland County Council,1,5,3,3,12,0,0,0,0,0,0,0,0,0,0,1,5,3,3,,,,,,,,,,,,,,
Unitary ,Shropshire Council,,,,,0,,,,,,,,,,,,,,,,,,,,,,,,,,,,
Unitary ,Slough Borough Council,\,\,\,23,23,\,\,\,4,4,\,\,\,18,18,\,\,\,1,1,,,,,,,,,,,,,
Unitary ,Southampton City Council,326,276,261,268,1131,\,\,\,\,0,\,\,\,\,0,\,\,\,\,0,,,,,,,,,,,,,
Unitary ,Southend-on-Sea Borough Council,\,\,\,\,0,\,\,\,\,0,\,\,\,\,0,\,\,\,\,0,,,,,,,,,,,,,
Unitary ,South Gloucestershire Council,,,,,0,,,,,,,,,,,,,,,,,,,,,,,,,,,,
Unitary ,Stockton-on-Tees Borough Council,,,,,0,,,,,,,,,,,,,,,,,,,,,,,,,,,,
Unitary ,Stoke-on-Trent City Council,,,,,0,,,,,,,,,,,,,,,,,,,,,,,,,,,,
Unitary ,Swindon Borough Council,\,\,\,\,0,\,\,\,\,0,\,\,\,\,0,\,\,\,\,0,,,,,,,,,,,,,
Unitary ,Telford and Wrekin Borough Council,70,61,73,55,259,\,\,\,\,0,\,\,\,\,0,\,\,\,\,0,,,,,,,,,,,,,
Unitary ,Thurrock Council,73,22,22,38,155,,,,,57,73,22,22,38,155,73,22,22,38,155,,,,,,,,,,,,,
Unitary ,Torbay Council,\,\,\,\,0,\,\,\,\,0,\,\,\,\,0,\,\,\,\,0,,,,,,,,,,,,,
Unitary ,Warrington Borough Council,,,,,290,,,,0,108,,,,8,108,,,,52,52,,,,,,,,,,,,,
Unitary ,West Berkshire Council,\,\,\,\,0,\,\,\,\,0,\,\,\,\,0,\,\,\,\,0,,,,,,,,,,,,,
Unitary ,Wiltshire Council,,,,,0,,,,,,,,,,,,,,,,,,,,,,,,,,,,
Unitary ,Windsor and Maidenhead Borough Council,\,\,\,\,0,\,\,\,\,0,0,0,0,0,0,\,\,\,\,0,,,,,,,,,,,,,
Unitary ,Wokingham Borough Council,<5,<5,<5,<5,0,0,0,0,0,0,0,0,0,0,0,<5,<5,<5,<5,,,,,,,,,,,,,,
Unitary ,York City Council,49,22,2,1,74,\,\,\,\,0,\,\,\,\,0,\,\,66,61,,,,,,,,,,,,,,
Unitary ,Manchester City Council,\,\,\,\,\,\,\,\,\,\,\,\,\,\,\,\,\,\,\,\,\,\,\,\,\,,,,,,,,
Unitary ,Bolton Council,\,19,39,28,86,0,0,0,0,0,\,12,15,15,42,0,0,0,0,0,\,\,\,\,\,,,,,,,,
Unitary ,Bury Metropolitan Borough Council,3,9,6,5,23,\,\,\,\,0,0,0,5,\,,\,\,\,\,0,,,,,,,,,,,,,
Unitary ,Oldham Council,15,39,59,64,177,0,0,0,0,0,0,0,0,0,0,15,39,59,64,,,,,,,,,,,,,,
Unitary ,Rochdale Metropolitan Borough Council,\,\,\,\,0,\,\,\,\,0,\,\,\,\,0,\,\,\,\,0,,,,,,,,,,,,,
Unitary ,Salford City Council,,,,,0,,,,,,,,,,,,,,,,,,,,,,,,,,,,
Unitary ,Stockport Metropolitan Borough Council,77,33,53,41,204,17,1,3,10,,29,20,29,15,,31,12,21,16,,,,,,,,,,,,,,
Unitary ,Tameside Metropolitan Borough Council,76,66,89,57,288,\,21,0,57,,\,21,0,57,,0,20,89,0,,,,,,,,,,,,,,
Unitary ,Trafford Metropolitan Borough Council,,,,,0,,,,,,,,,,,,,,,,,,,,,,,,,,,,
Unitary ,Wigan Council,10,30,16,13,69,10,30,16,13,69,\,\,\,\,0,0,0,0,0,0,,,,,,,,,,,,,
Unitary ,Liverpool City Council,30,55,61,41,187,0,0,0,0,0,0,0,0,0,0,30,55,61,41,,,,,,,,,,,,,,
Unitary ,Knowsley Metropolitan Borough Council,\,\,\,47,47,\,\,\,27,27,\,\,\,13,13,\,\,\,0,0,\,\,\,\,\,,,,,,,,
Unitary ,St Helens Metropolitan Borough Council,106,116,121,97,440,\,\,\,0,0,\,\,\,0,0,\,\,\,97,97,,,,,,,,,,,,,
Unitary ,Sefton Metropolitan Borough Council,,,,,0,,,,,,,,,,,,,,,,,,,,,,,,,,,,
Unitary ,Wirral Metropolitan Borough Council,,,,,0,,,,,,,,,,,,,,,,,,,,,,,,,,,,
Unitary ,Sheffield City Council,308,247,227,165,947,228,100,48,47,,26,46,44,22,,57,107,137,98,,,,,,,,,,,,,,
Unitary ,Barnsley Council,51,25,24,35,135,51,25,24,35,,,,,,,0,0,0,0,0,0,0,0,0,0,,,,,,,,
Unitary ,Doncaster Metropolitan Borough Council,0,0,4,24,28,\,\,\,\,0,\,\,\,\,0,\,\,\,\,0,,,,,,,,,,,,,
Unitary ,Rotherham Metropolitan Borough Council,,,,,0,,,,,,,,,,,,,,,,,,,,,,,,,,,,
Unitary ,Newcastle Upon Tyne City Council,181,168,137,106,592,181,168,105,69,,\,\,\,2,2,\,\,32,35,,,,,,,,,,,,,,
Unitary ,Gateshead Council,11,73,49,27,160,0,0,0,0,0,0,0,0,0,0,11,73,49,27,160,,,,,,,,,,,,,
Unitary ,South Tyneside Metropolitan Borough Council,,,,,0,,,,,,,,,,,,,,,,,,,,,,,,,,,,
Unitary ,North Tyneside Council,125,\,138,110,373,\,\,\,\,0,\,\,\,\,0,0,0,0,0,0,,,,,,,,,,,,,
Unitary ,Sunderland City Council,174,134,93,86,487,105,65,43,37,,84,58,34,34,,84,58,34,34,,,,,,,,,,,,,,
Unitary ,Birmingham City Council,451,322,196,159,1128,\,\,\,\,0,\,\,130,126,,451,322,196,159,,,,,,,,,,,,,,
Unitary ,Coventry City Council,,,,,0,,,,,,,,,,,,,,,,,,,,,,,,,,,,
Unitary ,Dudley Metropolitan Borough Council,,,,,0,,,,,,,,,,,,,,,,,,,,,,,,,,,,
Unitary ,Sandwell Metropolitan Borough Council,,,,,0,,,,,,,,,,,,,,,,,,,,,,,,,,,,
Unitary ,Solihull Metropolitan Borough Council,\,\,\,\,0,\,\,\,\,0,\,\,\,\,0,\,\,\,\,0,,,,,,,,,,,,,
Unitary ,Walsall Metropolitan Borough Council,,,,,0,,,,,,,,,,,,,,,,,,,,,,,,,,,,
Unitary ,Wolverhampton City Council,98,103,99,108,408,0,0,0,0,0,0,0,0,0,0,98,103,99,108,,,,,,,,,,,,,,
Unitary ,Leeds City Council,,,,,0,,,,,,,,,,,,,,,,,,,,,,,,,,,,
Unitary ,Bradford Metropolitan District Council,,,,,0,,,,,,,,,,,,,,,,,,,,,,,,,,,,
Unitary ,Calderdale Metropolitan Borough Council,19,12,17,16,64,0,7,13,11,,0,5,3,2,,0,0,1,3,4,,,,,,,,,,,,,
Unitary ,Kirklees Metropolitan Council,476,260,276,284,1296,\,\,\,\,0,\,\,\,\,0,476,260,276,284,,,,,,,,,,,,,,
Unitary ,Wakefield Metropolitan District Council,,,,,0,,,,,,,,,,,,,,,,,,,,,,,,,,,,
Unitary ,Isles of Scilly,,,,,0,,,,,,,,,,,,,,,,,,,,,,,,,,,,
Unitary ,,,,,,0,,,,,,,,,,,,,,,,,,,,,,,,,,,,
Unitary ,,,,,,0,,,,,,,,,,,,,,,,,,,,,,,,,,,,